arg_line_id,arg_instance_id,arg_ref_id,arg_ref_name,argument_text,email_id,created_at,speaker_name,speaker_email,speaker_role,topic_id,topic_side,reasoning_name,sophism_name,sophism_category,fact_ref_id,fact_veracity_pct,relevance,reasoning_credibility,impact_score,impact_direction,hidden_topic_hint,hidden_topic_confidence,strength,needs_review,notes
ARG-L-0000001,ARGI-1c2e504d0e,ARREF-e372ac9b3c,(argument),,2024:1,2025-08-21T18:40:13Z,,,Other,TOP-NA,con,,,,FREF-d5ef31a5eb,25,0.5,0.5,0.5,positive,,0.0,0.0312,1,
ARG-L-0000002,ARGI-1c2e504d0e,ARREF-e372ac9b3c,(argument),,2024:1,2025-08-21T18:40:13Z,,,Other,TOP-NA,con,,,,FREF-d5ef31a5eb,25,0.5,0.5,0.5,positive,,0.0,0.0312,1,
ARG-L-0000003,ARGI-1c2e504d0e,ARREF-e372ac9b3c,(argument),,2024:1,2025-08-21T18:40:13Z,,,Other,TOP-NA,con,,,,FREF-d5ef31a5eb,25,0.5,0.5,0.5,positive,,0.0,0.0312,1,
ARG-L-0000004,ARGI-1c2e504d0e,ARREF-e372ac9b3c,(argument),,2024:1,2025-08-21T18:40:13Z,,,Other,TOP-NA,con,,,,FREF-d5ef31a5eb,25,0.5,0.5,0.5,positive,,0.0,0.0312,1,
ARG-L-0000005,ARGI-1c2e504d0e,ARREF-e372ac9b3c,(argument),,2024:1,2025-08-21T18:40:13Z,,,Other,TOP-NA,con,,,,FREF-d5ef31a5eb,25,0.5,0.5,0.5,positive,,0.0,0.0312,1,
ARG-L-0000006,ARGI-1c2e504d0e,ARREF-e372ac9b3c,(argument),,2024:1,2025-08-21T18:40:13Z,,,Other,TOP-NA,con,,,,FREF-d5ef31a5eb,25,0.5,0.5,0.5,positive,,0.0,0.0312,1,
ARG-L-0000007,ARGI-1c2e504d0e,ARREF-e372ac9b3c,(argument),,2024:1,2025-08-21T18:40:13Z,,,Other,TOP-NA,con,,,,FREF-d5ef31a5eb,25,0.5,0.5,0.5,positive,,0.0,0.0312,1,
ARG-L-0000008,ARGI-1c2e504d0e,ARREF-e372ac9b3c,(argument),,2024:1,2025-08-21T18:40:13Z,,,Other,TOP-NA,con,,,,FREF-d5ef31a5eb,25,0.5,0.5,0.5,positive,,0.0,0.0312,1,
ARG-L-0000009,ARGI-9ff984da74,ARREF-e372ac9b3c,(argument),,2024:2,2025-08-21T18:40:13Z,,,Other,TOP-NA,con,,,,FREF-d5ef31a5eb,25,0.5,0.5,0.5,positive,,0.0,0.0312,1,
ARG-L-0000010,ARGI-9ff984da74,ARREF-e372ac9b3c,(argument),,2024:2,2025-08-21T18:40:13Z,,,Other,TOP-NA,con,,,,FREF-d5ef31a5eb,25,0.5,0.5,0.5,positive,,0.0,0.0312,1,
ARG-L-0000011,ARGI-9ff984da74,ARREF-e372ac9b3c,(argument),,2024:2,2025-08-21T18:40:13Z,,,Other,TOP-NA,con,,,,FREF-d5ef31a5eb,25,0.5,0.5,0.5,positive,,0.0,0.0312,1,
ARG-L-0000012,ARGI-9ff984da74,ARREF-e372ac9b3c,(argument),,2024:2,2025-08-21T18:40:13Z,,,Other,TOP-NA,con,,,,FREF-d5ef31a5eb,25,0.5,0.5,0.5,positive,,0.0,0.0312,1,
ARG-L-0000013,ARGI-36d327d97e,ARREF-e372ac9b3c,(argument),,2024:3,2025-08-21T18:40:13Z,,,Other,TOP-NA,con,,,,FREF-d5ef31a5eb,25,0.5,0.5,0.5,positive,,0.0,0.0312,1,
ARG-L-0000014,ARGI-38a4096d11,ARREF-e372ac9b3c,(argument),,2024:4,2025-08-21T18:40:13Z,,,Other,TOP-NA,con,,,,FREF-d5ef31a5eb,25,0.5,0.5,0.5,positive,,0.0,0.0312,1,
ARG-L-0000015,ARGI-38a4096d11,ARREF-e372ac9b3c,(argument),,2024:4,2025-08-21T18:40:13Z,,,Other,TOP-NA,con,,,,FREF-d5ef31a5eb,25,0.5,0.5,0.5,positive,,0.0,0.0312,1,
ARG-L-0000016,ARGI-38a4096d11,ARREF-e372ac9b3c,(argument),,2024:4,2025-08-21T18:40:13Z,,,Other,TOP-NA,con,,,,FREF-d5ef31a5eb,25,0.5,0.5,0.5,positive,,0.0,0.0312,1,
ARG-L-0000017,ARGI-38a4096d11,ARREF-e372ac9b3c,(argument),,2024:4,2025-08-21T18:40:13Z,,,Other,TOP-NA,con,,,,FREF-d5ef31a5eb,25,0.5,0.5,0.5,positive,,0.0,0.0312,1,
ARG-L-0000018,ARGI-38a4096d11,ARREF-e372ac9b3c,(argument),,2024:4,2025-08-21T18:40:13Z,,,Other,TOP-NA,con,,,,FREF-d5ef31a5eb,25,0.5,0.5,0.5,positive,,0.0,0.0312,1,
ARG-L-0000019,ARGI-d6227bcef4,ARREF-e372ac9b3c,(argument),,2024:5,2025-08-21T18:40:13Z,,,Other,TOP-NA,con,,,,FREF-d5ef31a5eb,25,0.5,0.5,0.5,positive,,0.0,0.0312,1,
ARG-L-0000020,ARGI-d6227bcef4,ARREF-e372ac9b3c,(argument),,2024:5,2025-08-21T18:40:13Z,,,Other,TOP-NA,con,,,,FREF-d5ef31a5eb,25,0.5,0.5,0.5,positive,,0.0,0.0312,1,
ARG-L-0000021,ARGI-d6227bcef4,ARREF-e372ac9b3c,(argument),,2024:5,2025-08-21T18:40:13Z,,,Other,TOP-NA,con,,,,FREF-d5ef31a5eb,25,0.5,0.5,0.5,positive,,0.0,0.0312,1,
ARG-L-0000022,ARGI-d6227bcef4,ARREF-e372ac9b3c,(argument),,2024:5,2025-08-21T18:40:13Z,,,Other,TOP-NA,con,,,,FREF-d5ef31a5eb,25,0.5,0.5,0.5,positive,,0.0,0.0312,1,
ARG-L-0000023,ARGI-30ca759090,ARREF-e372ac9b3c,(argument),,2024:6,2025-08-21T18:40:13Z,,,Other,TOP-NA,con,,,,FREF-d5ef31a5eb,25,0.5,0.5,0.5,positive,,0.0,0.0312,1,
ARG-L-0000024,ARGI-30ca759090,ARREF-e372ac9b3c,(argument),,2024:6,2025-08-21T18:40:13Z,,,Other,TOP-NA,con,,,,FREF-d5ef31a5eb,25,0.5,0.5,0.5,positive,,0.0,0.0312,1,
ARG-L-0000025,ARGI-30ca759090,ARREF-e372ac9b3c,(argument),,2024:6,2025-08-21T18:40:13Z,,,Other,TOP-NA,con,,,,FREF-d5ef31a5eb,25,0.5,0.5,0.5,positive,,0.0,0.0312,1,
ARG-L-0000026,ARGI-30ca759090,ARREF-e372ac9b3c,(argument),,2024:6,2025-08-21T18:40:13Z,,,Other,TOP-NA,con,,,,FREF-d5ef31a5eb,25,0.5,0.5,0.5,positive,,0.0,0.0312,1,
ARG-L-0000027,ARGI-8e88a769ac,ARREF-e372ac9b3c,(argument),,2024:7,2025-08-21T18:40:13Z,,,Other,TOP-NA,con,,,,FREF-d5ef31a5eb,25,0.5,0.5,0.5,positive,,0.0,0.0312,1,
ARG-L-0000028,ARGI-8e88a769ac,ARREF-e372ac9b3c,(argument),,2024:7,2025-08-21T18:40:13Z,,,Other,TOP-NA,con,,,,FREF-d5ef31a5eb,25,0.5,0.5,0.5,positive,,0.0,0.0312,1,
ARG-L-0000029,ARGI-8e88a769ac,ARREF-e372ac9b3c,(argument),,2024:7,2025-08-21T18:40:13Z,,,Other,TOP-NA,con,,,,FREF-d5ef31a5eb,25,0.5,0.5,0.5,positive,,0.0,0.0312,1,
ARG-L-0000030,ARGI-8e88a769ac,ARREF-e372ac9b3c,(argument),,2024:7,2025-08-21T18:40:13Z,,,Other,TOP-NA,con,,,,FREF-d5ef31a5eb,25,0.5,0.5,0.5,positive,,0.0,0.0312,1,
ARG-L-0000031,ARGI-8e88a769ac,ARREF-e372ac9b3c,(argument),,2024:7,2025-08-21T18:40:13Z,,,Other,TOP-NA,con,,,,FREF-d5ef31a5eb,25,0.5,0.5,0.5,positive,,0.0,0.0312,1,
ARG-L-0000032,ARGI-8e88a769ac,ARREF-e372ac9b3c,(argument),,2024:7,2025-08-21T18:40:13Z,,,Other,TOP-NA,con,,,,FREF-d5ef31a5eb,25,0.5,0.5,0.5,positive,,0.0,0.0312,1,
ARG-L-0000033,ARGI-8e88a769ac,ARREF-e372ac9b3c,(argument),,2024:7,2025-08-21T18:40:13Z,,,Other,TOP-NA,con,,,,FREF-d5ef31a5eb,25,0.5,0.5,0.5,positive,,0.0,0.0312,1,
ARG-L-0000034,ARGI-8e88a769ac,ARREF-e372ac9b3c,(argument),,2024:7,2025-08-21T18:40:13Z,,,Other,TOP-NA,con,,,,FREF-d5ef31a5eb,25,0.5,0.5,0.5,positive,,0.0,0.0312,1,
ARG-L-0000035,ARGI-3d565366f0,ARREF-e372ac9b3c,(argument),,2024:9,2025-08-21T18:40:13Z,,,Other,TOP-NA,con,,,,FREF-d5ef31a5eb,25,0.5,0.5,0.5,positive,,0.0,0.0312,1,
ARG-L-0000036,ARGI-3d565366f0,ARREF-e372ac9b3c,(argument),,2024:9,2025-08-21T18:40:13Z,,,Other,TOP-NA,con,,,,FREF-d5ef31a5eb,25,0.5,0.5,0.5,positive,,0.0,0.0312,1,
ARG-L-0000037,ARGI-3d565366f0,ARREF-e372ac9b3c,(argument),,2024:9,2025-08-21T18:40:13Z,,,Other,TOP-NA,con,,,,FREF-d5ef31a5eb,25,0.5,0.5,0.5,positive,,0.0,0.0312,1,
ARG-L-0000038,ARGI-3d565366f0,ARREF-e372ac9b3c,(argument),,2024:9,2025-08-21T18:40:13Z,,,Other,TOP-NA,con,,,,FREF-d5ef31a5eb,25,0.5,0.5,0.5,positive,,0.0,0.0312,1,
ARG-L-0000039,ARGI-d02bba0eac,ARREF-e372ac9b3c,(argument),,2024:11,2025-08-21T18:40:13Z,,,Other,TOP-NA,con,,,,FREF-d5ef31a5eb,25,0.5,0.5,0.5,positive,,0.0,0.0312,1,
ARG-L-0000040,ARGI-d02bba0eac,ARREF-e372ac9b3c,(argument),,2024:11,2025-08-21T18:40:13Z,,,Other,TOP-NA,con,,,,FREF-d5ef31a5eb,25,0.5,0.5,0.5,positive,,0.0,0.0312,1,
ARG-L-0000041,ARGI-d02bba0eac,ARREF-e372ac9b3c,(argument),,2024:11,2025-08-21T18:40:13Z,,,Other,TOP-NA,con,,,,FREF-d5ef31a5eb,25,0.5,0.5,0.5,positive,,0.0,0.0312,1,
ARG-L-0000042,ARGI-d02bba0eac,ARREF-e372ac9b3c,(argument),,2024:11,2025-08-21T18:40:13Z,,,Other,TOP-NA,con,,,,FREF-d5ef31a5eb,25,0.5,0.5,0.5,positive,,0.0,0.0312,1,
ARG-L-0000043,ARGI-d02bba0eac,ARREF-e372ac9b3c,(argument),,2024:11,2025-08-21T18:40:13Z,,,Other,TOP-NA,con,,,,FREF-d5ef31a5eb,25,0.5,0.5,0.5,positive,,0.0,0.0312,1,
ARG-L-0000044,ARGI-6ccd28395d,ARREF-e372ac9b3c,(argument),,2024:13,2025-08-21T18:40:13Z,,,Other,TOP-NA,con,,,,FREF-d5ef31a5eb,25,0.5,0.5,0.5,positive,,0.0,0.0312,1,
ARG-L-0000045,ARGI-6ccd28395d,ARREF-e372ac9b3c,(argument),,2024:13,2025-08-21T18:40:13Z,,,Other,TOP-NA,con,,,,FREF-d5ef31a5eb,25,0.5,0.5,0.5,positive,,0.0,0.0312,1,
ARG-L-0000046,ARGI-6ccd28395d,ARREF-e372ac9b3c,(argument),,2024:13,2025-08-21T18:40:13Z,,,Other,TOP-NA,con,,,,FREF-d5ef31a5eb,25,0.5,0.5,0.5,positive,,0.0,0.0312,1,
ARG-L-0000047,ARGI-6ccd28395d,ARREF-e372ac9b3c,(argument),,2024:13,2025-08-21T18:40:13Z,,,Other,TOP-NA,con,,,,FREF-d5ef31a5eb,25,0.5,0.5,0.5,positive,,0.0,0.0312,1,
ARG-L-0000048,ARGI-6ccd28395d,ARREF-e372ac9b3c,(argument),,2024:13,2025-08-21T18:40:13Z,,,Other,TOP-NA,con,,,,FREF-d5ef31a5eb,25,0.5,0.5,0.5,positive,,0.0,0.0312,1,
ARG-L-0000049,ARGI-08ec3ef8d0,ARREF-e372ac9b3c,(argument),,2024:15,2025-08-21T18:40:13Z,,,Other,TOP-NA,con,,,,FREF-d5ef31a5eb,25,0.5,0.5,0.5,positive,,0.0,0.0312,1,
ARG-L-0000050,ARGI-08ec3ef8d0,ARREF-e372ac9b3c,(argument),,2024:15,2025-08-21T18:40:13Z,,,Other,TOP-NA,con,,,,FREF-d5ef31a5eb,25,0.5,0.5,0.5,positive,,0.0,0.0312,1,
ARG-L-0000051,ARGI-08ec3ef8d0,ARREF-e372ac9b3c,(argument),,2024:15,2025-08-21T18:40:13Z,,,Other,TOP-NA,con,,,,FREF-d5ef31a5eb,25,0.5,0.5,0.5,positive,,0.0,0.0312,1,
ARG-L-0000052,ARGI-08ec3ef8d0,ARREF-e372ac9b3c,(argument),,2024:15,2025-08-21T18:40:13Z,,,Other,TOP-NA,con,,,,FREF-d5ef31a5eb,25,0.5,0.5,0.5,positive,,0.0,0.0312,1,
ARG-L-0000053,ARGI-08ec3ef8d0,ARREF-e372ac9b3c,(argument),,2024:15,2025-08-21T18:40:13Z,,,Other,TOP-NA,con,,,,FREF-d5ef31a5eb,25,0.5,0.5,0.5,positive,,0.0,0.0312,1,
ARG-L-0000054,ARGI-08ec3ef8d0,ARREF-e372ac9b3c,(argument),,2024:15,2025-08-21T18:40:13Z,,,Other,TOP-NA,con,,,,FREF-d5ef31a5eb,25,0.5,0.5,0.5,positive,,0.0,0.0312,1,
ARG-L-0000055,ARGI-08ec3ef8d0,ARREF-e372ac9b3c,(argument),,2024:15,2025-08-21T18:40:13Z,,,Other,TOP-NA,con,,,,FREF-d5ef31a5eb,25,0.5,0.5,0.5,positive,,0.0,0.0312,1,
ARG-L-0000056,ARGI-b3b9623dbd,ARREF-e372ac9b3c,(argument),,2024:18,2025-08-21T18:40:13Z,,,Other,TOP-NA,con,,,,FREF-d5ef31a5eb,25,0.5,0.5,0.5,positive,,0.0,0.0312,1,
ARG-L-0000057,ARGI-b3b9623dbd,ARREF-e372ac9b3c,(argument),,2024:18,2025-08-21T18:40:13Z,,,Other,TOP-NA,con,,,,FREF-d5ef31a5eb,25,0.5,0.5,0.5,positive,,0.0,0.0312,1,
ARG-L-0000058,ARGI-b3b9623dbd,ARREF-e372ac9b3c,(argument),,2024:18,2025-08-21T18:40:13Z,,,Other,TOP-NA,con,,,,FREF-d5ef31a5eb,25,0.5,0.5,0.5,positive,,0.0,0.0312,1,
ARG-L-0000059,ARGI-b3b9623dbd,ARREF-e372ac9b3c,(argument),,2024:18,2025-08-21T18:40:13Z,,,Other,TOP-NA,con,,,,FREF-d5ef31a5eb,25,0.5,0.5,0.5,positive,,0.0,0.0312,1,
ARG-L-0000060,ARGI-b3b9623dbd,ARREF-e372ac9b3c,(argument),,2024:18,2025-08-21T18:40:13Z,,,Other,TOP-NA,con,,,,FREF-d5ef31a5eb,25,0.5,0.5,0.5,positive,,0.0,0.0312,1,
ARG-L-0000061,ARGI-b3b9623dbd,ARREF-e372ac9b3c,(argument),,2024:18,2025-08-21T18:40:13Z,,,Other,TOP-NA,con,,,,FREF-d5ef31a5eb,25,0.5,0.5,0.5,positive,,0.0,0.0312,1,
ARG-L-0000062,ARGI-a2680df25b,ARREF-e372ac9b3c,(argument),,2024:19,2025-08-21T18:40:13Z,,,Other,TOP-NA,con,,,,FREF-d5ef31a5eb,25,0.5,0.5,0.5,positive,,0.0,0.0312,1,
ARG-L-0000063,ARGI-a2680df25b,ARREF-e372ac9b3c,(argument),,2024:19,2025-08-21T18:40:13Z,,,Other,TOP-NA,con,,,,FREF-d5ef31a5eb,25,0.5,0.5,0.5,positive,,0.0,0.0312,1,
ARG-L-0000064,ARGI-a2680df25b,ARREF-e372ac9b3c,(argument),,2024:19,2025-08-21T18:40:13Z,,,Other,TOP-NA,con,,,,FREF-d5ef31a5eb,25,0.5,0.5,0.5,positive,,0.0,0.0312,1,
ARG-L-0000065,ARGI-a2680df25b,ARREF-e372ac9b3c,(argument),,2024:19,2025-08-21T18:40:13Z,,,Other,TOP-NA,con,,,,FREF-d5ef31a5eb,25,0.5,0.5,0.5,positive,,0.0,0.0312,1,
ARG-L-0000066,ARGI-845bda0ff2,ARREF-e372ac9b3c,(argument),,2024:20,2025-08-21T18:40:13Z,,,Other,TOP-NA,con,,,,FREF-d5ef31a5eb,25,0.5,0.5,0.5,positive,,0.0,0.0312,1,
ARG-L-0000067,ARGI-845bda0ff2,ARREF-e372ac9b3c,(argument),,2024:20,2025-08-21T18:40:13Z,,,Other,TOP-NA,con,,,,FREF-d5ef31a5eb,25,0.5,0.5,0.5,positive,,0.0,0.0312,1,
ARG-L-0000068,ARGI-b81c330195,ARREF-e372ac9b3c,(argument),,2024:21,2025-08-21T18:40:13Z,,,Other,TOP-NA,con,,,,FREF-d5ef31a5eb,25,0.5,0.5,0.5,positive,,0.0,0.0312,1,
ARG-L-0000069,ARGI-b81c330195,ARREF-e372ac9b3c,(argument),,2024:21,2025-08-21T18:40:13Z,,,Other,TOP-NA,con,,,,FREF-d5ef31a5eb,25,0.5,0.5,0.5,positive,,0.0,0.0312,1,
ARG-L-0000070,ARGI-b81c330195,ARREF-e372ac9b3c,(argument),,2024:21,2025-08-21T18:40:13Z,,,Other,TOP-NA,con,,,,FREF-d5ef31a5eb,25,0.5,0.5,0.5,positive,,0.0,0.0312,1,
ARG-L-0000071,ARGI-5c84c38bbf,ARREF-e372ac9b3c,(argument),,2024:22,2025-08-21T18:40:13Z,,,Other,TOP-NA,con,,,,FREF-d5ef31a5eb,25,0.5,0.5,0.5,positive,,0.0,0.0312,1,
ARG-L-0000072,ARGI-5c84c38bbf,ARREF-e372ac9b3c,(argument),,2024:22,2025-08-21T18:40:13Z,,,Other,TOP-NA,con,,,,FREF-d5ef31a5eb,25,0.5,0.5,0.5,positive,,0.0,0.0312,1,
ARG-L-0000073,ARGI-5c84c38bbf,ARREF-e372ac9b3c,(argument),,2024:22,2025-08-21T18:40:13Z,,,Other,TOP-NA,con,,,,FREF-d5ef31a5eb,25,0.5,0.5,0.5,positive,,0.0,0.0312,1,
ARG-L-0000074,ARGI-976e838fe1,ARREF-e372ac9b3c,(argument),,2024:23,2025-08-21T18:40:13Z,,,Other,TOP-NA,con,,,,FREF-d5ef31a5eb,25,0.5,0.5,0.5,positive,,0.0,0.0312,1,
ARG-L-0000075,ARGI-976e838fe1,ARREF-e372ac9b3c,(argument),,2024:23,2025-08-21T18:40:13Z,,,Other,TOP-NA,con,,,,FREF-d5ef31a5eb,25,0.5,0.5,0.5,positive,,0.0,0.0312,1,
ARG-L-0000076,ARGI-976e838fe1,ARREF-e372ac9b3c,(argument),,2024:23,2025-08-21T18:40:13Z,,,Other,TOP-NA,con,,,,FREF-d5ef31a5eb,25,0.5,0.5,0.5,positive,,0.0,0.0312,1,
ARG-L-0000077,ARGI-976e838fe1,ARREF-e372ac9b3c,(argument),,2024:23,2025-08-21T18:40:13Z,,,Other,TOP-NA,con,,,,FREF-d5ef31a5eb,25,0.5,0.5,0.5,positive,,0.0,0.0312,1,
ARG-L-0000078,ARGI-976e838fe1,ARREF-e372ac9b3c,(argument),,2024:23,2025-08-21T18:40:13Z,,,Other,TOP-NA,con,,,,FREF-d5ef31a5eb,25,0.5,0.5,0.5,positive,,0.0,0.0312,1,
ARG-L-0000079,ARGI-976e838fe1,ARREF-e372ac9b3c,(argument),,2024:23,2025-08-21T18:40:13Z,,,Other,TOP-NA,con,,,,FREF-d5ef31a5eb,25,0.5,0.5,0.5,positive,,0.0,0.0312,1,
ARG-L-0000080,ARGI-fe01347653,ARREF-e372ac9b3c,(argument),,2024:25,2025-08-21T18:40:13Z,,,Other,TOP-NA,con,,,,FREF-d5ef31a5eb,25,0.5,0.5,0.5,positive,,0.0,0.0312,1,
ARG-L-0000081,ARGI-fe01347653,ARREF-e372ac9b3c,(argument),,2024:25,2025-08-21T18:40:13Z,,,Other,TOP-NA,con,,,,FREF-d5ef31a5eb,25,0.5,0.5,0.5,positive,,0.0,0.0312,1,
ARG-L-0000082,ARGI-fe01347653,ARREF-e372ac9b3c,(argument),,2024:25,2025-08-21T18:40:13Z,,,Other,TOP-NA,con,,,,FREF-d5ef31a5eb,25,0.5,0.5,0.5,positive,,0.0,0.0312,1,
ARG-L-0000083,ARGI-fe01347653,ARREF-e372ac9b3c,(argument),,2024:25,2025-08-21T18:40:13Z,,,Other,TOP-NA,con,,,,FREF-d5ef31a5eb,25,0.5,0.5,0.5,positive,,0.0,0.0312,1,
ARG-L-0000084,ARGI-fe01347653,ARREF-e372ac9b3c,(argument),,2024:25,2025-08-21T18:40:13Z,,,Other,TOP-NA,con,,,,FREF-d5ef31a5eb,25,0.5,0.5,0.5,positive,,0.0,0.0312,1,
ARG-L-0000085,ARGI-fe01347653,ARREF-e372ac9b3c,(argument),,2024:25,2025-08-21T18:40:13Z,,,Other,TOP-NA,con,,,,FREF-d5ef31a5eb,25,0.5,0.5,0.5,positive,,0.0,0.0312,1,
ARG-L-0000086,ARGI-fe01347653,ARREF-e372ac9b3c,(argument),,2024:25,2025-08-21T18:40:13Z,,,Other,TOP-NA,con,,,,FREF-d5ef31a5eb,25,0.5,0.5,0.5,positive,,0.0,0.0312,1,
ARG-L-0000087,ARGI-fe01347653,ARREF-e372ac9b3c,(argument),,2024:25,2025-08-21T18:40:13Z,,,Other,TOP-NA,con,,,,FREF-d5ef31a5eb,25,0.5,0.5,0.5,positive,,0.0,0.0312,1,
ARG-L-0000088,ARGI-27365dc42b,ARREF-e372ac9b3c,(argument),,2024:26,2025-08-21T18:40:13Z,,,Other,TOP-NA,con,,,,FREF-d5ef31a5eb,25,0.5,0.5,0.5,positive,,0.0,0.0312,1,
ARG-L-0000089,ARGI-27365dc42b,ARREF-e372ac9b3c,(argument),,2024:26,2025-08-21T18:40:13Z,,,Other,TOP-NA,con,,,,FREF-d5ef31a5eb,25,0.5,0.5,0.5,positive,,0.0,0.0312,1,
ARG-L-0000090,ARGI-27365dc42b,ARREF-e372ac9b3c,(argument),,2024:26,2025-08-21T18:40:13Z,,,Other,TOP-NA,con,,,,FREF-d5ef31a5eb,25,0.5,0.5,0.5,positive,,0.0,0.0312,1,
ARG-L-0000091,ARGI-27365dc42b,ARREF-e372ac9b3c,(argument),,2024:26,2025-08-21T18:40:13Z,,,Other,TOP-NA,con,,,,FREF-d5ef31a5eb,25,0.5,0.5,0.5,positive,,0.0,0.0312,1,
ARG-L-0000092,ARGI-27365dc42b,ARREF-e372ac9b3c,(argument),,2024:26,2025-08-21T18:40:13Z,,,Other,TOP-NA,con,,,,FREF-d5ef31a5eb,25,0.5,0.5,0.5,positive,,0.0,0.0312,1,
ARG-L-0000093,ARGI-d680bd225c,ARREF-e372ac9b3c,(argument),,2024:27,2025-08-21T18:40:13Z,,,Other,TOP-NA,con,,,,FREF-d5ef31a5eb,25,0.5,0.5,0.5,positive,,0.0,0.0312,1,
ARG-L-0000094,ARGI-d680bd225c,ARREF-e372ac9b3c,(argument),,2024:27,2025-08-21T18:40:13Z,,,Other,TOP-NA,con,,,,FREF-d5ef31a5eb,25,0.5,0.5,0.5,positive,,0.0,0.0312,1,
ARG-L-0000095,ARGI-d680bd225c,ARREF-e372ac9b3c,(argument),,2024:27,2025-08-21T18:40:13Z,,,Other,TOP-NA,con,,,,FREF-d5ef31a5eb,25,0.5,0.5,0.5,positive,,0.0,0.0312,1,
ARG-L-0000096,ARGI-d680bd225c,ARREF-e372ac9b3c,(argument),,2024:27,2025-08-21T18:40:13Z,,,Other,TOP-NA,con,,,,FREF-d5ef31a5eb,25,0.5,0.5,0.5,positive,,0.0,0.0312,1,
ARG-L-0000097,ARGI-d680bd225c,ARREF-e372ac9b3c,(argument),,2024:27,2025-08-21T18:40:13Z,,,Other,TOP-NA,con,,,,FREF-d5ef31a5eb,25,0.5,0.5,0.5,positive,,0.0,0.0312,1,
ARG-L-0000098,ARGI-ae47552c51,ARREF-e372ac9b3c,(argument),,2024:28,2025-08-21T18:40:13Z,,,Other,TOP-NA,con,,,,FREF-d5ef31a5eb,25,0.5,0.5,0.5,positive,,0.0,0.0312,1,
ARG-L-0000099,ARGI-7356eab6f5,ARREF-e372ac9b3c,(argument),,2024:29,2025-08-21T18:40:13Z,,,Other,TOP-NA,con,,,,FREF-d5ef31a5eb,25,0.5,0.5,0.5,positive,,0.0,0.0312,1,
ARG-L-0000100,ARGI-7356eab6f5,ARREF-e372ac9b3c,(argument),,2024:29,2025-08-21T18:40:13Z,,,Other,TOP-NA,con,,,,FREF-d5ef31a5eb,25,0.5,0.5,0.5,positive,,0.0,0.0312,1,
ARG-L-0000101,ARGI-7356eab6f5,ARREF-e372ac9b3c,(argument),,2024:29,2025-08-21T18:40:13Z,,,Other,TOP-NA,con,,,,FREF-d5ef31a5eb,25,0.5,0.5,0.5,positive,,0.0,0.0312,1,
ARG-L-0000102,ARGI-ae0a874b8d,ARREF-e372ac9b3c,(argument),,2024:30,2025-08-21T18:40:13Z,,,Other,TOP-NA,con,,,,FREF-d5ef31a5eb,25,0.5,0.5,0.5,positive,,0.0,0.0312,1,
ARG-L-0000103,ARGI-ae0a874b8d,ARREF-e372ac9b3c,(argument),,2024:30,2025-08-21T18:40:13Z,,,Other,TOP-NA,con,,,,FREF-d5ef31a5eb,25,0.5,0.5,0.5,positive,,0.0,0.0312,1,
ARG-L-0000104,ARGI-ae0a874b8d,ARREF-e372ac9b3c,(argument),,2024:30,2025-08-21T18:40:13Z,,,Other,TOP-NA,con,,,,FREF-d5ef31a5eb,25,0.5,0.5,0.5,positive,,0.0,0.0312,1,
ARG-L-0000105,ARGI-ae0a874b8d,ARREF-e372ac9b3c,(argument),,2024:30,2025-08-21T18:40:13Z,,,Other,TOP-NA,con,,,,FREF-d5ef31a5eb,25,0.5,0.5,0.5,positive,,0.0,0.0312,1,
ARG-L-0000106,ARGI-ae0a874b8d,ARREF-e372ac9b3c,(argument),,2024:30,2025-08-21T18:40:13Z,,,Other,TOP-NA,con,,,,FREF-d5ef31a5eb,25,0.5,0.5,0.5,positive,,0.0,0.0312,1,
ARG-L-0000107,ARGI-ae0a874b8d,ARREF-e372ac9b3c,(argument),,2024:30,2025-08-21T18:40:13Z,,,Other,TOP-NA,con,,,,FREF-d5ef31a5eb,25,0.5,0.5,0.5,positive,,0.0,0.0312,1,
ARG-L-0000108,ARGI-ae0a874b8d,ARREF-e372ac9b3c,(argument),,2024:30,2025-08-21T18:40:13Z,,,Other,TOP-NA,con,,,,FREF-d5ef31a5eb,25,0.5,0.5,0.5,positive,,0.0,0.0312,1,
ARG-L-0000109,ARGI-db96875bd7,ARREF-e372ac9b3c,(argument),,2024:32,2025-08-21T18:40:13Z,,,Other,TOP-NA,con,,,,FREF-d5ef31a5eb,25,0.5,0.5,0.5,positive,,0.0,0.0312,1,
ARG-L-0000110,ARGI-db96875bd7,ARREF-e372ac9b3c,(argument),,2024:32,2025-08-21T18:40:13Z,,,Other,TOP-NA,con,,,,FREF-d5ef31a5eb,25,0.5,0.5,0.5,positive,,0.0,0.0312,1,
ARG-L-0000111,ARGI-db96875bd7,ARREF-e372ac9b3c,(argument),,2024:32,2025-08-21T18:40:13Z,,,Other,TOP-NA,con,,,,FREF-d5ef31a5eb,25,0.5,0.5,0.5,positive,,0.0,0.0312,1,
ARG-L-0000112,ARGI-db96875bd7,ARREF-e372ac9b3c,(argument),,2024:32,2025-08-21T18:40:13Z,,,Other,TOP-NA,con,,,,FREF-d5ef31a5eb,25,0.5,0.5,0.5,positive,,0.0,0.0312,1,
ARG-L-0000113,ARGI-db96875bd7,ARREF-e372ac9b3c,(argument),,2024:32,2025-08-21T18:40:13Z,,,Other,TOP-NA,con,,,,FREF-d5ef31a5eb,25,0.5,0.5,0.5,positive,,0.0,0.0312,1,
ARG-L-0000114,ARGI-db96875bd7,ARREF-e372ac9b3c,(argument),,2024:32,2025-08-21T18:40:13Z,,,Other,TOP-NA,con,,,,FREF-d5ef31a5eb,25,0.5,0.5,0.5,positive,,0.0,0.0312,1,
ARG-L-0000115,ARGI-db96875bd7,ARREF-e372ac9b3c,(argument),,2024:32,2025-08-21T18:40:13Z,,,Other,TOP-NA,con,,,,FREF-d5ef31a5eb,25,0.5,0.5,0.5,positive,,0.0,0.0312,1,
ARG-L-0000116,ARGI-db96875bd7,ARREF-e372ac9b3c,(argument),,2024:32,2025-08-21T18:40:13Z,,,Other,TOP-NA,con,,,,FREF-d5ef31a5eb,25,0.5,0.5,0.5,positive,,0.0,0.0312,1,
ARG-L-0000117,ARGI-db96875bd7,ARREF-e372ac9b3c,(argument),,2024:32,2025-08-21T18:40:13Z,,,Other,TOP-NA,con,,,,FREF-d5ef31a5eb,25,0.5,0.5,0.5,positive,,0.0,0.0312,1,
ARG-L-0000118,ARGI-db96875bd7,ARREF-e372ac9b3c,(argument),,2024:32,2025-08-21T18:40:13Z,,,Other,TOP-NA,con,,,,FREF-d5ef31a5eb,25,0.5,0.5,0.5,positive,,0.0,0.0312,1,
ARG-L-0000119,ARGI-db96875bd7,ARREF-e372ac9b3c,(argument),,2024:32,2025-08-21T18:40:13Z,,,Other,TOP-NA,con,,,,FREF-d5ef31a5eb,25,0.5,0.5,0.5,positive,,0.0,0.0312,1,
ARG-L-0000120,ARGI-db96875bd7,ARREF-e372ac9b3c,(argument),,2024:32,2025-08-21T18:40:13Z,,,Other,TOP-NA,con,,,,FREF-d5ef31a5eb,25,0.5,0.5,0.5,positive,,0.0,0.0312,1,
ARG-L-0000121,ARGI-db96875bd7,ARREF-e372ac9b3c,(argument),,2024:32,2025-08-21T18:40:13Z,,,Other,TOP-NA,con,,,,FREF-d5ef31a5eb,25,0.5,0.5,0.5,positive,,0.0,0.0312,1,
ARG-L-0000122,ARGI-fd884b189b,ARREF-e372ac9b3c,(argument),,2024:33,2025-08-21T18:40:13Z,,,Other,TOP-NA,con,,,,FREF-d5ef31a5eb,25,0.5,0.5,0.5,positive,,0.0,0.0312,1,
ARG-L-0000123,ARGI-fd884b189b,ARREF-e372ac9b3c,(argument),,2024:33,2025-08-21T18:40:13Z,,,Other,TOP-NA,con,,,,FREF-d5ef31a5eb,25,0.5,0.5,0.5,positive,,0.0,0.0312,1,
ARG-L-0000124,ARGI-fd884b189b,ARREF-e372ac9b3c,(argument),,2024:33,2025-08-21T18:40:13Z,,,Other,TOP-NA,con,,,,FREF-d5ef31a5eb,25,0.5,0.5,0.5,positive,,0.0,0.0312,1,
ARG-L-0000125,ARGI-fd884b189b,ARREF-e372ac9b3c,(argument),,2024:33,2025-08-21T18:40:13Z,,,Other,TOP-NA,con,,,,FREF-d5ef31a5eb,25,0.5,0.5,0.5,positive,,0.0,0.0312,1,
ARG-L-0000126,ARGI-fd884b189b,ARREF-e372ac9b3c,(argument),,2024:33,2025-08-21T18:40:13Z,,,Other,TOP-NA,con,,,,FREF-d5ef31a5eb,25,0.5,0.5,0.5,positive,,0.0,0.0312,1,
ARG-L-0000127,ARGI-fd884b189b,ARREF-e372ac9b3c,(argument),,2024:33,2025-08-21T18:40:13Z,,,Other,TOP-NA,con,,,,FREF-d5ef31a5eb,25,0.5,0.5,0.5,positive,,0.0,0.0312,1,
ARG-L-0000128,ARGI-fd884b189b,ARREF-e372ac9b3c,(argument),,2024:33,2025-08-21T18:40:13Z,,,Other,TOP-NA,con,,,,FREF-d5ef31a5eb,25,0.5,0.5,0.5,positive,,0.0,0.0312,1,
ARG-L-0000129,ARGI-fd884b189b,ARREF-e372ac9b3c,(argument),,2024:33,2025-08-21T18:40:13Z,,,Other,TOP-NA,con,,,,FREF-d5ef31a5eb,25,0.5,0.5,0.5,positive,,0.0,0.0312,1,
ARG-L-0000130,ARGI-fd884b189b,ARREF-e372ac9b3c,(argument),,2024:33,2025-08-21T18:40:13Z,,,Other,TOP-NA,con,,,,FREF-d5ef31a5eb,25,0.5,0.5,0.5,positive,,0.0,0.0312,1,
ARG-L-0000131,ARGI-957d6a9221,ARREF-e372ac9b3c,(argument),,2024:34,2025-08-21T18:40:13Z,,,Other,TOP-NA,con,,,,FREF-d5ef31a5eb,25,0.5,0.5,0.5,positive,,0.0,0.0312,1,
ARG-L-0000132,ARGI-957d6a9221,ARREF-e372ac9b3c,(argument),,2024:34,2025-08-21T18:40:13Z,,,Other,TOP-NA,con,,,,FREF-d5ef31a5eb,25,0.5,0.5,0.5,positive,,0.0,0.0312,1,
ARG-L-0000133,ARGI-957d6a9221,ARREF-e372ac9b3c,(argument),,2024:34,2025-08-21T18:40:13Z,,,Other,TOP-NA,con,,,,FREF-d5ef31a5eb,25,0.5,0.5,0.5,positive,,0.0,0.0312,1,
ARG-L-0000134,ARGI-957d6a9221,ARREF-e372ac9b3c,(argument),,2024:34,2025-08-21T18:40:13Z,,,Other,TOP-NA,con,,,,FREF-d5ef31a5eb,25,0.5,0.5,0.5,positive,,0.0,0.0312,1,
ARG-L-0000135,ARGI-957d6a9221,ARREF-e372ac9b3c,(argument),,2024:34,2025-08-21T18:40:13Z,,,Other,TOP-NA,con,,,,FREF-d5ef31a5eb,25,0.5,0.5,0.5,positive,,0.0,0.0312,1,
ARG-L-0000136,ARGI-957d6a9221,ARREF-e372ac9b3c,(argument),,2024:34,2025-08-21T18:40:13Z,,,Other,TOP-NA,con,,,,FREF-d5ef31a5eb,25,0.5,0.5,0.5,positive,,0.0,0.0312,1,
ARG-L-0000137,ARGI-957d6a9221,ARREF-e372ac9b3c,(argument),,2024:34,2025-08-21T18:40:13Z,,,Other,TOP-NA,con,,,,FREF-d5ef31a5eb,25,0.5,0.5,0.5,positive,,0.0,0.0312,1,
ARG-L-0000138,ARGI-957d6a9221,ARREF-e372ac9b3c,(argument),,2024:34,2025-08-21T18:40:13Z,,,Other,TOP-NA,con,,,,FREF-d5ef31a5eb,25,0.5,0.5,0.5,positive,,0.0,0.0312,1,
ARG-L-0000139,ARGI-957d6a9221,ARREF-e372ac9b3c,(argument),,2024:34,2025-08-21T18:40:13Z,,,Other,TOP-NA,con,,,,FREF-d5ef31a5eb,25,0.5,0.5,0.5,positive,,0.0,0.0312,1,
ARG-L-0000140,ARGI-19d4b4b31f,ARREF-e372ac9b3c,(argument),,2024:35,2025-08-21T18:40:13Z,,,Other,TOP-NA,con,,,,FREF-d5ef31a5eb,25,0.5,0.5,0.5,positive,,0.0,0.0312,1,
ARG-L-0000141,ARGI-19d4b4b31f,ARREF-e372ac9b3c,(argument),,2024:35,2025-08-21T18:40:13Z,,,Other,TOP-NA,con,,,,FREF-d5ef31a5eb,25,0.5,0.5,0.5,positive,,0.0,0.0312,1,
ARG-L-0000142,ARGI-19d4b4b31f,ARREF-e372ac9b3c,(argument),,2024:35,2025-08-21T18:40:13Z,,,Other,TOP-NA,con,,,,FREF-d5ef31a5eb,25,0.5,0.5,0.5,positive,,0.0,0.0312,1,
ARG-L-0000143,ARGI-19d4b4b31f,ARREF-e372ac9b3c,(argument),,2024:35,2025-08-21T18:40:13Z,,,Other,TOP-NA,con,,,,FREF-d5ef31a5eb,25,0.5,0.5,0.5,positive,,0.0,0.0312,1,
ARG-L-0000144,ARGI-19d4b4b31f,ARREF-e372ac9b3c,(argument),,2024:35,2025-08-21T18:40:13Z,,,Other,TOP-NA,con,,,,FREF-d5ef31a5eb,25,0.5,0.5,0.5,positive,,0.0,0.0312,1,
ARG-L-0000145,ARGI-19d4b4b31f,ARREF-e372ac9b3c,(argument),,2024:35,2025-08-21T18:40:13Z,,,Other,TOP-NA,con,,,,FREF-d5ef31a5eb,25,0.5,0.5,0.5,positive,,0.0,0.0312,1,
ARG-L-0000146,ARGI-19d4b4b31f,ARREF-e372ac9b3c,(argument),,2024:35,2025-08-21T18:40:13Z,,,Other,TOP-NA,con,,,,FREF-d5ef31a5eb,25,0.5,0.5,0.5,positive,,0.0,0.0312,1,
ARG-L-0000147,ARGI-19d4b4b31f,ARREF-e372ac9b3c,(argument),,2024:35,2025-08-21T18:40:13Z,,,Other,TOP-NA,con,,,,FREF-d5ef31a5eb,25,0.5,0.5,0.5,positive,,0.0,0.0312,1,
ARG-L-0000148,ARGI-19d4b4b31f,ARREF-e372ac9b3c,(argument),,2024:35,2025-08-21T18:40:13Z,,,Other,TOP-NA,con,,,,FREF-d5ef31a5eb,25,0.5,0.5,0.5,positive,,0.0,0.0312,1,
ARG-L-0000149,ARGI-19d4b4b31f,ARREF-e372ac9b3c,(argument),,2024:35,2025-08-21T18:40:13Z,,,Other,TOP-NA,con,,,,FREF-d5ef31a5eb,25,0.5,0.5,0.5,positive,,0.0,0.0312,1,
ARG-L-0000150,ARGI-0049f6e9ec,ARREF-e372ac9b3c,(argument),,2024:36,2025-08-21T18:40:13Z,,,Other,TOP-NA,con,,,,FREF-d5ef31a5eb,25,0.5,0.5,0.5,positive,,0.0,0.0312,1,
ARG-L-0000151,ARGI-0049f6e9ec,ARREF-e372ac9b3c,(argument),,2024:36,2025-08-21T18:40:13Z,,,Other,TOP-NA,con,,,,FREF-d5ef31a5eb,25,0.5,0.5,0.5,positive,,0.0,0.0312,1,
ARG-L-0000152,ARGI-0049f6e9ec,ARREF-e372ac9b3c,(argument),,2024:36,2025-08-21T18:40:13Z,,,Other,TOP-NA,con,,,,FREF-d5ef31a5eb,25,0.5,0.5,0.5,positive,,0.0,0.0312,1,
ARG-L-0000153,ARGI-0049f6e9ec,ARREF-e372ac9b3c,(argument),,2024:36,2025-08-21T18:40:13Z,,,Other,TOP-NA,con,,,,FREF-d5ef31a5eb,25,0.5,0.5,0.5,positive,,0.0,0.0312,1,
ARG-L-0000154,ARGI-0049f6e9ec,ARREF-e372ac9b3c,(argument),,2024:36,2025-08-21T18:40:13Z,,,Other,TOP-NA,con,,,,FREF-d5ef31a5eb,25,0.5,0.5,0.5,positive,,0.0,0.0312,1,
ARG-L-0000155,ARGI-0049f6e9ec,ARREF-e372ac9b3c,(argument),,2024:36,2025-08-21T18:40:13Z,,,Other,TOP-NA,con,,,,FREF-d5ef31a5eb,25,0.5,0.5,0.5,positive,,0.0,0.0312,1,
ARG-L-0000156,ARGI-60500039a1,ARREF-e372ac9b3c,(argument),,2024:37,2025-08-21T18:40:13Z,,,Other,TOP-NA,con,,,,FREF-d5ef31a5eb,25,0.5,0.5,0.5,positive,,0.0,0.0312,1,
ARG-L-0000157,ARGI-60500039a1,ARREF-e372ac9b3c,(argument),,2024:37,2025-08-21T18:40:13Z,,,Other,TOP-NA,con,,,,FREF-d5ef31a5eb,25,0.5,0.5,0.5,positive,,0.0,0.0312,1,
ARG-L-0000158,ARGI-60500039a1,ARREF-e372ac9b3c,(argument),,2024:37,2025-08-21T18:40:13Z,,,Other,TOP-NA,con,,,,FREF-d5ef31a5eb,25,0.5,0.5,0.5,positive,,0.0,0.0312,1,
ARG-L-0000159,ARGI-60a021a429,ARREF-e372ac9b3c,(argument),,2024:38,2025-08-21T18:40:13Z,,,Other,TOP-NA,con,,,,FREF-d5ef31a5eb,25,0.5,0.5,0.5,positive,,0.0,0.0312,1,
ARG-L-0000160,ARGI-60a021a429,ARREF-e372ac9b3c,(argument),,2024:38,2025-08-21T18:40:13Z,,,Other,TOP-NA,con,,,,FREF-d5ef31a5eb,25,0.5,0.5,0.5,positive,,0.0,0.0312,1,
ARG-L-0000161,ARGI-60a021a429,ARREF-e372ac9b3c,(argument),,2024:38,2025-08-21T18:40:13Z,,,Other,TOP-NA,con,,,,FREF-d5ef31a5eb,25,0.5,0.5,0.5,positive,,0.0,0.0312,1,
ARG-L-0000162,ARGI-60a021a429,ARREF-e372ac9b3c,(argument),,2024:38,2025-08-21T18:40:13Z,,,Other,TOP-NA,con,,,,FREF-d5ef31a5eb,25,0.5,0.5,0.5,positive,,0.0,0.0312,1,
ARG-L-0000163,ARGI-60a021a429,ARREF-e372ac9b3c,(argument),,2024:38,2025-08-21T18:40:13Z,,,Other,TOP-NA,con,,,,FREF-d5ef31a5eb,25,0.5,0.5,0.5,positive,,0.0,0.0312,1,
ARG-L-0000164,ARGI-47de22069c,ARREF-e372ac9b3c,(argument),,2024:39,2025-08-21T18:40:13Z,,,Other,TOP-NA,con,,,,FREF-d5ef31a5eb,25,0.5,0.5,0.5,positive,,0.0,0.0312,1,
ARG-L-0000165,ARGI-47de22069c,ARREF-e372ac9b3c,(argument),,2024:39,2025-08-21T18:40:13Z,,,Other,TOP-NA,con,,,,FREF-d5ef31a5eb,25,0.5,0.5,0.5,positive,,0.0,0.0312,1,
ARG-L-0000166,ARGI-47de22069c,ARREF-e372ac9b3c,(argument),,2024:39,2025-08-21T18:40:13Z,,,Other,TOP-NA,con,,,,FREF-d5ef31a5eb,25,0.5,0.5,0.5,positive,,0.0,0.0312,1,
ARG-L-0000167,ARGI-47de22069c,ARREF-e372ac9b3c,(argument),,2024:39,2025-08-21T18:40:13Z,,,Other,TOP-NA,con,,,,FREF-d5ef31a5eb,25,0.5,0.5,0.5,positive,,0.0,0.0312,1,
ARG-L-0000168,ARGI-47de22069c,ARREF-e372ac9b3c,(argument),,2024:39,2025-08-21T18:40:13Z,,,Other,TOP-NA,con,,,,FREF-d5ef31a5eb,25,0.5,0.5,0.5,positive,,0.0,0.0312,1,
ARG-L-0000169,ARGI-47de22069c,ARREF-e372ac9b3c,(argument),,2024:39,2025-08-21T18:40:13Z,,,Other,TOP-NA,con,,,,FREF-d5ef31a5eb,25,0.5,0.5,0.5,positive,,0.0,0.0312,1,
ARG-L-0000170,ARGI-47de22069c,ARREF-e372ac9b3c,(argument),,2024:39,2025-08-21T18:40:13Z,,,Other,TOP-NA,con,,,,FREF-d5ef31a5eb,25,0.5,0.5,0.5,positive,,0.0,0.0312,1,
ARG-L-0000171,ARGI-bbfec962ec,ARREF-e372ac9b3c,(argument),,2024:40,2025-08-21T18:40:13Z,,,Other,TOP-NA,con,,,,FREF-d5ef31a5eb,25,0.5,0.5,0.5,positive,,0.0,0.0312,1,
ARG-L-0000172,ARGI-bbfec962ec,ARREF-e372ac9b3c,(argument),,2024:40,2025-08-21T18:40:13Z,,,Other,TOP-NA,con,,,,FREF-d5ef31a5eb,25,0.5,0.5,0.5,positive,,0.0,0.0312,1,
ARG-L-0000173,ARGI-bbfec962ec,ARREF-e372ac9b3c,(argument),,2024:40,2025-08-21T18:40:13Z,,,Other,TOP-NA,con,,,,FREF-d5ef31a5eb,25,0.5,0.5,0.5,positive,,0.0,0.0312,1,
ARG-L-0000174,ARGI-bbfec962ec,ARREF-e372ac9b3c,(argument),,2024:40,2025-08-21T18:40:13Z,,,Other,TOP-NA,con,,,,FREF-d5ef31a5eb,25,0.5,0.5,0.5,positive,,0.0,0.0312,1,
ARG-L-0000175,ARGI-bbfec962ec,ARREF-e372ac9b3c,(argument),,2024:40,2025-08-21T18:40:13Z,,,Other,TOP-NA,con,,,,FREF-d5ef31a5eb,25,0.5,0.5,0.5,positive,,0.0,0.0312,1,
ARG-L-0000176,ARGI-bbfec962ec,ARREF-e372ac9b3c,(argument),,2024:40,2025-08-21T18:40:13Z,,,Other,TOP-NA,con,,,,FREF-d5ef31a5eb,25,0.5,0.5,0.5,positive,,0.0,0.0312,1,
ARG-L-0000177,ARGI-bbfec962ec,ARREF-e372ac9b3c,(argument),,2024:40,2025-08-21T18:40:13Z,,,Other,TOP-NA,con,,,,FREF-d5ef31a5eb,25,0.5,0.5,0.5,positive,,0.0,0.0312,1,
ARG-L-0000178,ARGI-1f7de9f600,ARREF-e372ac9b3c,(argument),,2024:41,2025-08-21T18:40:13Z,,,Other,TOP-NA,con,,,,FREF-d5ef31a5eb,25,0.5,0.5,0.5,positive,,0.0,0.0312,1,
ARG-L-0000179,ARGI-1f7de9f600,ARREF-e372ac9b3c,(argument),,2024:41,2025-08-21T18:40:13Z,,,Other,TOP-NA,con,,,,FREF-d5ef31a5eb,25,0.5,0.5,0.5,positive,,0.0,0.0312,1,
ARG-L-0000180,ARGI-1f7de9f600,ARREF-e372ac9b3c,(argument),,2024:41,2025-08-21T18:40:13Z,,,Other,TOP-NA,con,,,,FREF-d5ef31a5eb,25,0.5,0.5,0.5,positive,,0.0,0.0312,1,
ARG-L-0000181,ARGI-1f7de9f600,ARREF-e372ac9b3c,(argument),,2024:41,2025-08-21T18:40:13Z,,,Other,TOP-NA,con,,,,FREF-d5ef31a5eb,25,0.5,0.5,0.5,positive,,0.0,0.0312,1,
ARG-L-0000182,ARGI-1f7de9f600,ARREF-e372ac9b3c,(argument),,2024:41,2025-08-21T18:40:13Z,,,Other,TOP-NA,con,,,,FREF-d5ef31a5eb,25,0.5,0.5,0.5,positive,,0.0,0.0312,1,
ARG-L-0000183,ARGI-1f7de9f600,ARREF-e372ac9b3c,(argument),,2024:41,2025-08-21T18:40:13Z,,,Other,TOP-NA,con,,,,FREF-d5ef31a5eb,25,0.5,0.5,0.5,positive,,0.0,0.0312,1,
ARG-L-0000184,ARGI-1f7de9f600,ARREF-e372ac9b3c,(argument),,2024:41,2025-08-21T18:40:13Z,,,Other,TOP-NA,con,,,,FREF-d5ef31a5eb,25,0.5,0.5,0.5,positive,,0.0,0.0312,1,
ARG-L-0000185,ARGI-1f7de9f600,ARREF-e372ac9b3c,(argument),,2024:41,2025-08-21T18:40:13Z,,,Other,TOP-NA,con,,,,FREF-d5ef31a5eb,25,0.5,0.5,0.5,positive,,0.0,0.0312,1,
ARG-L-0000186,ARGI-1f7de9f600,ARREF-e372ac9b3c,(argument),,2024:41,2025-08-21T18:40:13Z,,,Other,TOP-NA,con,,,,FREF-d5ef31a5eb,25,0.5,0.5,0.5,positive,,0.0,0.0312,1,
ARG-L-0000187,ARGI-1f7de9f600,ARREF-e372ac9b3c,(argument),,2024:41,2025-08-21T18:40:13Z,,,Other,TOP-NA,con,,,,FREF-d5ef31a5eb,25,0.5,0.5,0.5,positive,,0.0,0.0312,1,
ARG-L-0000188,ARGI-a55a7158bc,ARREF-e372ac9b3c,(argument),,2024:42,2025-08-21T18:40:13Z,,,Other,TOP-NA,con,,,,FREF-d5ef31a5eb,25,0.5,0.5,0.5,positive,,0.0,0.0312,1,
ARG-L-0000189,ARGI-a55a7158bc,ARREF-e372ac9b3c,(argument),,2024:42,2025-08-21T18:40:13Z,,,Other,TOP-NA,con,,,,FREF-d5ef31a5eb,25,0.5,0.5,0.5,positive,,0.0,0.0312,1,
ARG-L-0000190,ARGI-a55a7158bc,ARREF-e372ac9b3c,(argument),,2024:42,2025-08-21T18:40:13Z,,,Other,TOP-NA,con,,,,FREF-d5ef31a5eb,25,0.5,0.5,0.5,positive,,0.0,0.0312,1,
ARG-L-0000191,ARGI-a55a7158bc,ARREF-e372ac9b3c,(argument),,2024:42,2025-08-21T18:40:13Z,,,Other,TOP-NA,con,,,,FREF-d5ef31a5eb,25,0.5,0.5,0.5,positive,,0.0,0.0312,1,
ARG-L-0000192,ARGI-a55a7158bc,ARREF-e372ac9b3c,(argument),,2024:42,2025-08-21T18:40:13Z,,,Other,TOP-NA,con,,,,FREF-d5ef31a5eb,25,0.5,0.5,0.5,positive,,0.0,0.0312,1,
ARG-L-0000193,ARGI-a55a7158bc,ARREF-e372ac9b3c,(argument),,2024:42,2025-08-21T18:40:13Z,,,Other,TOP-NA,con,,,,FREF-d5ef31a5eb,25,0.5,0.5,0.5,positive,,0.0,0.0312,1,
ARG-L-0000194,ARGI-a55a7158bc,ARREF-e372ac9b3c,(argument),,2024:42,2025-08-21T18:40:13Z,,,Other,TOP-NA,con,,,,FREF-d5ef31a5eb,25,0.5,0.5,0.5,positive,,0.0,0.0312,1,
ARG-L-0000195,ARGI-a55a7158bc,ARREF-e372ac9b3c,(argument),,2024:42,2025-08-21T18:40:13Z,,,Other,TOP-NA,con,,,,FREF-d5ef31a5eb,25,0.5,0.5,0.5,positive,,0.0,0.0312,1,
ARG-L-0000196,ARGI-a55a7158bc,ARREF-e372ac9b3c,(argument),,2024:42,2025-08-21T18:40:13Z,,,Other,TOP-NA,con,,,,FREF-d5ef31a5eb,25,0.5,0.5,0.5,positive,,0.0,0.0312,1,
ARG-L-0000197,ARGI-ebff546564,ARREF-e372ac9b3c,(argument),,2024:43,2025-08-21T18:40:13Z,,,Other,TOP-NA,con,,,,FREF-d5ef31a5eb,25,0.5,0.5,0.5,positive,,0.0,0.0312,1,
ARG-L-0000198,ARGI-ebff546564,ARREF-e372ac9b3c,(argument),,2024:43,2025-08-21T18:40:13Z,,,Other,TOP-NA,con,,,,FREF-d5ef31a5eb,25,0.5,0.5,0.5,positive,,0.0,0.0312,1,
ARG-L-0000199,ARGI-ebff546564,ARREF-e372ac9b3c,(argument),,2024:43,2025-08-21T18:40:13Z,,,Other,TOP-NA,con,,,,FREF-d5ef31a5eb,25,0.5,0.5,0.5,positive,,0.0,0.0312,1,
ARG-L-0000200,ARGI-ebff546564,ARREF-e372ac9b3c,(argument),,2024:43,2025-08-21T18:40:13Z,,,Other,TOP-NA,con,,,,FREF-d5ef31a5eb,25,0.5,0.5,0.5,positive,,0.0,0.0312,1,
ARG-L-0000201,ARGI-ebff546564,ARREF-e372ac9b3c,(argument),,2024:43,2025-08-21T18:40:13Z,,,Other,TOP-NA,con,,,,FREF-d5ef31a5eb,25,0.5,0.5,0.5,positive,,0.0,0.0312,1,
ARG-L-0000202,ARGI-ebff546564,ARREF-e372ac9b3c,(argument),,2024:43,2025-08-21T18:40:13Z,,,Other,TOP-NA,con,,,,FREF-d5ef31a5eb,25,0.5,0.5,0.5,positive,,0.0,0.0312,1,
ARG-L-0000203,ARGI-ebff546564,ARREF-e372ac9b3c,(argument),,2024:43,2025-08-21T18:40:13Z,,,Other,TOP-NA,con,,,,FREF-d5ef31a5eb,25,0.5,0.5,0.5,positive,,0.0,0.0312,1,
ARG-L-0000204,ARGI-ebff546564,ARREF-e372ac9b3c,(argument),,2024:43,2025-08-21T18:40:13Z,,,Other,TOP-NA,con,,,,FREF-d5ef31a5eb,25,0.5,0.5,0.5,positive,,0.0,0.0312,1,
ARG-L-0000205,ARGI-ebff546564,ARREF-e372ac9b3c,(argument),,2024:43,2025-08-21T18:40:13Z,,,Other,TOP-NA,con,,,,FREF-d5ef31a5eb,25,0.5,0.5,0.5,positive,,0.0,0.0312,1,
ARG-L-0000206,ARGI-c37bbbb76f,ARREF-e372ac9b3c,(argument),,2024:45,2025-08-21T18:40:13Z,,,Other,TOP-NA,con,,,,FREF-d5ef31a5eb,25,0.5,0.5,0.5,positive,,0.0,0.0312,1,
ARG-L-0000207,ARGI-c37bbbb76f,ARREF-e372ac9b3c,(argument),,2024:45,2025-08-21T18:40:13Z,,,Other,TOP-NA,con,,,,FREF-d5ef31a5eb,25,0.5,0.5,0.5,positive,,0.0,0.0312,1,
ARG-L-0000208,ARGI-c37bbbb76f,ARREF-e372ac9b3c,(argument),,2024:45,2025-08-21T18:40:13Z,,,Other,TOP-NA,con,,,,FREF-d5ef31a5eb,25,0.5,0.5,0.5,positive,,0.0,0.0312,1,
ARG-L-0000209,ARGI-c37bbbb76f,ARREF-e372ac9b3c,(argument),,2024:45,2025-08-21T18:40:13Z,,,Other,TOP-NA,con,,,,FREF-d5ef31a5eb,25,0.5,0.5,0.5,positive,,0.0,0.0312,1,
ARG-L-0000210,ARGI-c37bbbb76f,ARREF-e372ac9b3c,(argument),,2024:45,2025-08-21T18:40:13Z,,,Other,TOP-NA,con,,,,FREF-d5ef31a5eb,25,0.5,0.5,0.5,positive,,0.0,0.0312,1,
ARG-L-0000211,ARGI-c37bbbb76f,ARREF-e372ac9b3c,(argument),,2024:45,2025-08-21T18:40:13Z,,,Other,TOP-NA,con,,,,FREF-d5ef31a5eb,25,0.5,0.5,0.5,positive,,0.0,0.0312,1,
ARG-L-0000212,ARGI-c37bbbb76f,ARREF-e372ac9b3c,(argument),,2024:45,2025-08-21T18:40:13Z,,,Other,TOP-NA,con,,,,FREF-d5ef31a5eb,25,0.5,0.5,0.5,positive,,0.0,0.0312,1,
ARG-L-0000213,ARGI-a1542a0c98,ARREF-e372ac9b3c,(argument),,2024:46,2025-08-21T18:40:13Z,,,Other,TOP-NA,con,,,,FREF-d5ef31a5eb,25,0.5,0.5,0.5,positive,,0.0,0.0312,1,
ARG-L-0000214,ARGI-a1542a0c98,ARREF-e372ac9b3c,(argument),,2024:46,2025-08-21T18:40:13Z,,,Other,TOP-NA,con,,,,FREF-d5ef31a5eb,25,0.5,0.5,0.5,positive,,0.0,0.0312,1,
ARG-L-0000215,ARGI-a1542a0c98,ARREF-e372ac9b3c,(argument),,2024:46,2025-08-21T18:40:13Z,,,Other,TOP-NA,con,,,,FREF-d5ef31a5eb,25,0.5,0.5,0.5,positive,,0.0,0.0312,1,
ARG-L-0000216,ARGI-a1542a0c98,ARREF-e372ac9b3c,(argument),,2024:46,2025-08-21T18:40:13Z,,,Other,TOP-NA,con,,,,FREF-d5ef31a5eb,25,0.5,0.5,0.5,positive,,0.0,0.0312,1,
ARG-L-0000217,ARGI-a1542a0c98,ARREF-e372ac9b3c,(argument),,2024:46,2025-08-21T18:40:13Z,,,Other,TOP-NA,con,,,,FREF-d5ef31a5eb,25,0.5,0.5,0.5,positive,,0.0,0.0312,1,
ARG-L-0000218,ARGI-a1542a0c98,ARREF-e372ac9b3c,(argument),,2024:46,2025-08-21T18:40:13Z,,,Other,TOP-NA,con,,,,FREF-d5ef31a5eb,25,0.5,0.5,0.5,positive,,0.0,0.0312,1,
ARG-L-0000219,ARGI-a1542a0c98,ARREF-e372ac9b3c,(argument),,2024:46,2025-08-21T18:40:13Z,,,Other,TOP-NA,con,,,,FREF-d5ef31a5eb,25,0.5,0.5,0.5,positive,,0.0,0.0312,1,
ARG-L-0000220,ARGI-a1542a0c98,ARREF-e372ac9b3c,(argument),,2024:46,2025-08-21T18:40:13Z,,,Other,TOP-NA,con,,,,FREF-d5ef31a5eb,25,0.5,0.5,0.5,positive,,0.0,0.0312,1,
ARG-L-0000221,ARGI-a1542a0c98,ARREF-e372ac9b3c,(argument),,2024:46,2025-08-21T18:40:13Z,,,Other,TOP-NA,con,,,,FREF-d5ef31a5eb,25,0.5,0.5,0.5,positive,,0.0,0.0312,1,
ARG-L-0000222,ARGI-22c3196bb2,ARREF-e372ac9b3c,(argument),,2024:48,2025-08-21T18:40:13Z,,,Other,TOP-NA,con,,,,FREF-d5ef31a5eb,25,0.5,0.5,0.5,positive,,0.0,0.0312,1,
ARG-L-0000223,ARGI-22c3196bb2,ARREF-e372ac9b3c,(argument),,2024:48,2025-08-21T18:40:13Z,,,Other,TOP-NA,con,,,,FREF-d5ef31a5eb,25,0.5,0.5,0.5,positive,,0.0,0.0312,1,
ARG-L-0000224,ARGI-22c3196bb2,ARREF-e372ac9b3c,(argument),,2024:48,2025-08-21T18:40:13Z,,,Other,TOP-NA,con,,,,FREF-d5ef31a5eb,25,0.5,0.5,0.5,positive,,0.0,0.0312,1,
ARG-L-0000225,ARGI-22c3196bb2,ARREF-e372ac9b3c,(argument),,2024:48,2025-08-21T18:40:13Z,,,Other,TOP-NA,con,,,,FREF-d5ef31a5eb,25,0.5,0.5,0.5,positive,,0.0,0.0312,1,
ARG-L-0000226,ARGI-22c3196bb2,ARREF-e372ac9b3c,(argument),,2024:48,2025-08-21T18:40:13Z,,,Other,TOP-NA,con,,,,FREF-d5ef31a5eb,25,0.5,0.5,0.5,positive,,0.0,0.0312,1,
ARG-L-0000227,ARGI-22c3196bb2,ARREF-e372ac9b3c,(argument),,2024:48,2025-08-21T18:40:13Z,,,Other,TOP-NA,con,,,,FREF-d5ef31a5eb,25,0.5,0.5,0.5,positive,,0.0,0.0312,1,
ARG-L-0000228,ARGI-22c3196bb2,ARREF-e372ac9b3c,(argument),,2024:48,2025-08-21T18:40:13Z,,,Other,TOP-NA,con,,,,FREF-d5ef31a5eb,25,0.5,0.5,0.5,positive,,0.0,0.0312,1,
ARG-L-0000229,ARGI-22c3196bb2,ARREF-e372ac9b3c,(argument),,2024:48,2025-08-21T18:40:13Z,,,Other,TOP-NA,con,,,,FREF-d5ef31a5eb,25,0.5,0.5,0.5,positive,,0.0,0.0312,1,
ARG-L-0000230,ARGI-22c3196bb2,ARREF-e372ac9b3c,(argument),,2024:48,2025-08-21T18:40:13Z,,,Other,TOP-NA,con,,,,FREF-d5ef31a5eb,25,0.5,0.5,0.5,positive,,0.0,0.0312,1,
ARG-L-0000231,ARGI-b0100a3c36,ARREF-e372ac9b3c,(argument),,2024:50,2025-08-21T18:40:13Z,,,Other,TOP-NA,con,,,,FREF-d5ef31a5eb,25,0.5,0.5,0.5,positive,,0.0,0.0312,1,
ARG-L-0000232,ARGI-b0100a3c36,ARREF-e372ac9b3c,(argument),,2024:50,2025-08-21T18:40:13Z,,,Other,TOP-NA,con,,,,FREF-d5ef31a5eb,25,0.5,0.5,0.5,positive,,0.0,0.0312,1,
ARG-L-0000233,ARGI-b0100a3c36,ARREF-e372ac9b3c,(argument),,2024:50,2025-08-21T18:40:13Z,,,Other,TOP-NA,con,,,,FREF-d5ef31a5eb,25,0.5,0.5,0.5,positive,,0.0,0.0312,1,
ARG-L-0000234,ARGI-b0100a3c36,ARREF-e372ac9b3c,(argument),,2024:50,2025-08-21T18:40:13Z,,,Other,TOP-NA,con,,,,FREF-d5ef31a5eb,25,0.5,0.5,0.5,positive,,0.0,0.0312,1,
ARG-L-0000235,ARGI-b0100a3c36,ARREF-e372ac9b3c,(argument),,2024:50,2025-08-21T18:40:13Z,,,Other,TOP-NA,con,,,,FREF-d5ef31a5eb,25,0.5,0.5,0.5,positive,,0.0,0.0312,1,
ARG-L-0000236,ARGI-b0100a3c36,ARREF-e372ac9b3c,(argument),,2024:50,2025-08-21T18:40:13Z,,,Other,TOP-NA,con,,,,FREF-d5ef31a5eb,25,0.5,0.5,0.5,positive,,0.0,0.0312,1,
ARG-L-0000237,ARGI-b0100a3c36,ARREF-e372ac9b3c,(argument),,2024:50,2025-08-21T18:40:13Z,,,Other,TOP-NA,con,,,,FREF-d5ef31a5eb,25,0.5,0.5,0.5,positive,,0.0,0.0312,1,
ARG-L-0000238,ARGI-b0100a3c36,ARREF-e372ac9b3c,(argument),,2024:50,2025-08-21T18:40:13Z,,,Other,TOP-NA,con,,,,FREF-d5ef31a5eb,25,0.5,0.5,0.5,positive,,0.0,0.0312,1,
ARG-L-0000239,ARGI-b0100a3c36,ARREF-e372ac9b3c,(argument),,2024:50,2025-08-21T18:40:13Z,,,Other,TOP-NA,con,,,,FREF-d5ef31a5eb,25,0.5,0.5,0.5,positive,,0.0,0.0312,1,
ARG-L-0000240,ARGI-b0100a3c36,ARREF-e372ac9b3c,(argument),,2024:50,2025-08-21T18:40:13Z,,,Other,TOP-NA,con,,,,FREF-d5ef31a5eb,25,0.5,0.5,0.5,positive,,0.0,0.0312,1,
ARG-L-0000241,ARGI-b0100a3c36,ARREF-e372ac9b3c,(argument),,2024:50,2025-08-21T18:40:13Z,,,Other,TOP-NA,con,,,,FREF-d5ef31a5eb,25,0.5,0.5,0.5,positive,,0.0,0.0312,1,
ARG-L-0000242,ARGI-b0100a3c36,ARREF-e372ac9b3c,(argument),,2024:50,2025-08-21T18:40:13Z,,,Other,TOP-NA,con,,,,FREF-d5ef31a5eb,25,0.5,0.5,0.5,positive,,0.0,0.0312,1,
ARG-L-0000243,ARGI-340d9545c3,ARREF-e372ac9b3c,(argument),,2024:51,2025-08-21T18:40:13Z,,,Other,TOP-NA,con,,,,FREF-d5ef31a5eb,25,0.5,0.5,0.5,positive,,0.0,0.0312,1,
ARG-L-0000244,ARGI-340d9545c3,ARREF-e372ac9b3c,(argument),,2024:51,2025-08-21T18:40:13Z,,,Other,TOP-NA,con,,,,FREF-d5ef31a5eb,25,0.5,0.5,0.5,positive,,0.0,0.0312,1,
ARG-L-0000245,ARGI-340d9545c3,ARREF-e372ac9b3c,(argument),,2024:51,2025-08-21T18:40:13Z,,,Other,TOP-NA,con,,,,FREF-d5ef31a5eb,25,0.5,0.5,0.5,positive,,0.0,0.0312,1,
ARG-L-0000246,ARGI-340d9545c3,ARREF-e372ac9b3c,(argument),,2024:51,2025-08-21T18:40:13Z,,,Other,TOP-NA,con,,,,FREF-d5ef31a5eb,25,0.5,0.5,0.5,positive,,0.0,0.0312,1,
ARG-L-0000247,ARGI-340d9545c3,ARREF-e372ac9b3c,(argument),,2024:51,2025-08-21T18:40:13Z,,,Other,TOP-NA,con,,,,FREF-d5ef31a5eb,25,0.5,0.5,0.5,positive,,0.0,0.0312,1,
ARG-L-0000248,ARGI-340d9545c3,ARREF-e372ac9b3c,(argument),,2024:51,2025-08-21T18:40:13Z,,,Other,TOP-NA,con,,,,FREF-d5ef31a5eb,25,0.5,0.5,0.5,positive,,0.0,0.0312,1,
ARG-L-0000249,ARGI-340d9545c3,ARREF-e372ac9b3c,(argument),,2024:51,2025-08-21T18:40:13Z,,,Other,TOP-NA,con,,,,FREF-d5ef31a5eb,25,0.5,0.5,0.5,positive,,0.0,0.0312,1,
ARG-L-0000250,ARGI-340d9545c3,ARREF-e372ac9b3c,(argument),,2024:51,2025-08-21T18:40:13Z,,,Other,TOP-NA,con,,,,FREF-d5ef31a5eb,25,0.5,0.5,0.5,positive,,0.0,0.0312,1,
ARG-L-0000251,ARGI-340d9545c3,ARREF-e372ac9b3c,(argument),,2024:51,2025-08-21T18:40:13Z,,,Other,TOP-NA,con,,,,FREF-d5ef31a5eb,25,0.5,0.5,0.5,positive,,0.0,0.0312,1,
ARG-L-0000252,ARGI-340d9545c3,ARREF-e372ac9b3c,(argument),,2024:51,2025-08-21T18:40:13Z,,,Other,TOP-NA,con,,,,FREF-d5ef31a5eb,25,0.5,0.5,0.5,positive,,0.0,0.0312,1,
ARG-L-0000253,ARGI-55d33b9cd8,ARREF-e372ac9b3c,(argument),,2024:52,2025-08-21T18:40:13Z,,,Other,TOP-NA,con,,,,FREF-d5ef31a5eb,25,0.5,0.5,0.5,positive,,0.0,0.0312,1,
ARG-L-0000254,ARGI-55d33b9cd8,ARREF-e372ac9b3c,(argument),,2024:52,2025-08-21T18:40:13Z,,,Other,TOP-NA,con,,,,FREF-d5ef31a5eb,25,0.5,0.5,0.5,positive,,0.0,0.0312,1,
ARG-L-0000255,ARGI-55d33b9cd8,ARREF-e372ac9b3c,(argument),,2024:52,2025-08-21T18:40:13Z,,,Other,TOP-NA,con,,,,FREF-d5ef31a5eb,25,0.5,0.5,0.5,positive,,0.0,0.0312,1,
ARG-L-0000256,ARGI-55d33b9cd8,ARREF-e372ac9b3c,(argument),,2024:52,2025-08-21T18:40:13Z,,,Other,TOP-NA,con,,,,FREF-d5ef31a5eb,25,0.5,0.5,0.5,positive,,0.0,0.0312,1,
ARG-L-0000257,ARGI-55d33b9cd8,ARREF-e372ac9b3c,(argument),,2024:52,2025-08-21T18:40:13Z,,,Other,TOP-NA,con,,,,FREF-d5ef31a5eb,25,0.5,0.5,0.5,positive,,0.0,0.0312,1,
ARG-L-0000258,ARGI-55d33b9cd8,ARREF-e372ac9b3c,(argument),,2024:52,2025-08-21T18:40:13Z,,,Other,TOP-NA,con,,,,FREF-d5ef31a5eb,25,0.5,0.5,0.5,positive,,0.0,0.0312,1,
ARG-L-0000259,ARGI-55d33b9cd8,ARREF-e372ac9b3c,(argument),,2024:52,2025-08-21T18:40:13Z,,,Other,TOP-NA,con,,,,FREF-d5ef31a5eb,25,0.5,0.5,0.5,positive,,0.0,0.0312,1,
ARG-L-0000260,ARGI-55d33b9cd8,ARREF-e372ac9b3c,(argument),,2024:52,2025-08-21T18:40:13Z,,,Other,TOP-NA,con,,,,FREF-d5ef31a5eb,25,0.5,0.5,0.5,positive,,0.0,0.0312,1,
ARG-L-0000261,ARGI-55d33b9cd8,ARREF-e372ac9b3c,(argument),,2024:52,2025-08-21T18:40:13Z,,,Other,TOP-NA,con,,,,FREF-d5ef31a5eb,25,0.5,0.5,0.5,positive,,0.0,0.0312,1,
ARG-L-0000262,ARGI-01d85b4c9c,ARREF-e372ac9b3c,(argument),,2024:53,2025-08-21T18:40:13Z,,,Other,TOP-NA,con,,,,FREF-d5ef31a5eb,25,0.5,0.5,0.5,positive,,0.0,0.0312,1,
ARG-L-0000263,ARGI-01d85b4c9c,ARREF-e372ac9b3c,(argument),,2024:53,2025-08-21T18:40:13Z,,,Other,TOP-NA,con,,,,FREF-d5ef31a5eb,25,0.5,0.5,0.5,positive,,0.0,0.0312,1,
ARG-L-0000264,ARGI-01d85b4c9c,ARREF-e372ac9b3c,(argument),,2024:53,2025-08-21T18:40:13Z,,,Other,TOP-NA,con,,,,FREF-d5ef31a5eb,25,0.5,0.5,0.5,positive,,0.0,0.0312,1,
ARG-L-0000265,ARGI-01d85b4c9c,ARREF-e372ac9b3c,(argument),,2024:53,2025-08-21T18:40:13Z,,,Other,TOP-NA,con,,,,FREF-d5ef31a5eb,25,0.5,0.5,0.5,positive,,0.0,0.0312,1,
ARG-L-0000266,ARGI-01d85b4c9c,ARREF-e372ac9b3c,(argument),,2024:53,2025-08-21T18:40:13Z,,,Other,TOP-NA,con,,,,FREF-d5ef31a5eb,25,0.5,0.5,0.5,positive,,0.0,0.0312,1,
ARG-L-0000267,ARGI-01d85b4c9c,ARREF-e372ac9b3c,(argument),,2024:53,2025-08-21T18:40:13Z,,,Other,TOP-NA,con,,,,FREF-d5ef31a5eb,25,0.5,0.5,0.5,positive,,0.0,0.0312,1,
ARG-L-0000268,ARGI-01d85b4c9c,ARREF-e372ac9b3c,(argument),,2024:53,2025-08-21T18:40:13Z,,,Other,TOP-NA,con,,,,FREF-d5ef31a5eb,25,0.5,0.5,0.5,positive,,0.0,0.0312,1,
ARG-L-0000269,ARGI-01d85b4c9c,ARREF-e372ac9b3c,(argument),,2024:53,2025-08-21T18:40:13Z,,,Other,TOP-NA,con,,,,FREF-d5ef31a5eb,25,0.5,0.5,0.5,positive,,0.0,0.0312,1,
ARG-L-0000270,ARGI-01d85b4c9c,ARREF-e372ac9b3c,(argument),,2024:53,2025-08-21T18:40:13Z,,,Other,TOP-NA,con,,,,FREF-d5ef31a5eb,25,0.5,0.5,0.5,positive,,0.0,0.0312,1,
ARG-L-0000271,ARGI-01d85b4c9c,ARREF-e372ac9b3c,(argument),,2024:53,2025-08-21T18:40:13Z,,,Other,TOP-NA,con,,,,FREF-d5ef31a5eb,25,0.5,0.5,0.5,positive,,0.0,0.0312,1,
ARG-L-0000272,ARGI-01d85b4c9c,ARREF-e372ac9b3c,(argument),,2024:53,2025-08-21T18:40:13Z,,,Other,TOP-NA,con,,,,FREF-d5ef31a5eb,25,0.5,0.5,0.5,positive,,0.0,0.0312,1,
ARG-L-0000273,ARGI-52bb04eedb,ARREF-e372ac9b3c,(argument),,2024:54,2025-08-21T18:40:13Z,,,Other,TOP-NA,con,,,,FREF-d5ef31a5eb,25,0.5,0.5,0.5,positive,,0.0,0.0312,1,
ARG-L-0000274,ARGI-52bb04eedb,ARREF-e372ac9b3c,(argument),,2024:54,2025-08-21T18:40:13Z,,,Other,TOP-NA,con,,,,FREF-d5ef31a5eb,25,0.5,0.5,0.5,positive,,0.0,0.0312,1,
ARG-L-0000275,ARGI-52bb04eedb,ARREF-e372ac9b3c,(argument),,2024:54,2025-08-21T18:40:13Z,,,Other,TOP-NA,con,,,,FREF-d5ef31a5eb,25,0.5,0.5,0.5,positive,,0.0,0.0312,1,
ARG-L-0000276,ARGI-52bb04eedb,ARREF-e372ac9b3c,(argument),,2024:54,2025-08-21T18:40:13Z,,,Other,TOP-NA,con,,,,FREF-d5ef31a5eb,25,0.5,0.5,0.5,positive,,0.0,0.0312,1,
ARG-L-0000277,ARGI-52bb04eedb,ARREF-e372ac9b3c,(argument),,2024:54,2025-08-21T18:40:13Z,,,Other,TOP-NA,con,,,,FREF-d5ef31a5eb,25,0.5,0.5,0.5,positive,,0.0,0.0312,1,
ARG-L-0000278,ARGI-52bb04eedb,ARREF-e372ac9b3c,(argument),,2024:54,2025-08-21T18:40:13Z,,,Other,TOP-NA,con,,,,FREF-d5ef31a5eb,25,0.5,0.5,0.5,positive,,0.0,0.0312,1,
ARG-L-0000279,ARGI-52bb04eedb,ARREF-e372ac9b3c,(argument),,2024:54,2025-08-21T18:40:13Z,,,Other,TOP-NA,con,,,,FREF-d5ef31a5eb,25,0.5,0.5,0.5,positive,,0.0,0.0312,1,
ARG-L-0000280,ARGI-be946a6b20,ARREF-e372ac9b3c,(argument),,2024:56,2025-08-21T18:40:13Z,,,Other,TOP-NA,con,,,,FREF-d5ef31a5eb,25,0.5,0.5,0.5,positive,,0.0,0.0312,1,
ARG-L-0000281,ARGI-be946a6b20,ARREF-e372ac9b3c,(argument),,2024:56,2025-08-21T18:40:13Z,,,Other,TOP-NA,con,,,,FREF-d5ef31a5eb,25,0.5,0.5,0.5,positive,,0.0,0.0312,1,
ARG-L-0000282,ARGI-be946a6b20,ARREF-e372ac9b3c,(argument),,2024:56,2025-08-21T18:40:13Z,,,Other,TOP-NA,con,,,,FREF-d5ef31a5eb,25,0.5,0.5,0.5,positive,,0.0,0.0312,1,
ARG-L-0000283,ARGI-be946a6b20,ARREF-e372ac9b3c,(argument),,2024:56,2025-08-21T18:40:13Z,,,Other,TOP-NA,con,,,,FREF-d5ef31a5eb,25,0.5,0.5,0.5,positive,,0.0,0.0312,1,
ARG-L-0000284,ARGI-be946a6b20,ARREF-e372ac9b3c,(argument),,2024:56,2025-08-21T18:40:13Z,,,Other,TOP-NA,con,,,,FREF-d5ef31a5eb,25,0.5,0.5,0.5,positive,,0.0,0.0312,1,
ARG-L-0000285,ARGI-be946a6b20,ARREF-e372ac9b3c,(argument),,2024:56,2025-08-21T18:40:13Z,,,Other,TOP-NA,con,,,,FREF-d5ef31a5eb,25,0.5,0.5,0.5,positive,,0.0,0.0312,1,
ARG-L-0000286,ARGI-be946a6b20,ARREF-e372ac9b3c,(argument),,2024:56,2025-08-21T18:40:13Z,,,Other,TOP-NA,con,,,,FREF-d5ef31a5eb,25,0.5,0.5,0.5,positive,,0.0,0.0312,1,
ARG-L-0000287,ARGI-be946a6b20,ARREF-e372ac9b3c,(argument),,2024:56,2025-08-21T18:40:13Z,,,Other,TOP-NA,con,,,,FREF-d5ef31a5eb,25,0.5,0.5,0.5,positive,,0.0,0.0312,1,
ARG-L-0000288,ARGI-be946a6b20,ARREF-e372ac9b3c,(argument),,2024:56,2025-08-21T18:40:13Z,,,Other,TOP-NA,con,,,,FREF-d5ef31a5eb,25,0.5,0.5,0.5,positive,,0.0,0.0312,1,
ARG-L-0000289,ARGI-376a4c8e46,ARREF-e372ac9b3c,(argument),,2024:57,2025-08-21T18:40:13Z,,,Other,TOP-NA,con,,,,FREF-d5ef31a5eb,25,0.5,0.5,0.5,positive,,0.0,0.0312,1,
ARG-L-0000290,ARGI-376a4c8e46,ARREF-e372ac9b3c,(argument),,2024:57,2025-08-21T18:40:13Z,,,Other,TOP-NA,con,,,,FREF-d5ef31a5eb,25,0.5,0.5,0.5,positive,,0.0,0.0312,1,
ARG-L-0000291,ARGI-7883160db9,ARREF-e372ac9b3c,(argument),,2024:63,2025-08-21T18:40:13Z,,,Other,TOP-NA,con,,,,FREF-d5ef31a5eb,25,0.5,0.5,0.5,positive,,0.0,0.0312,1,
ARG-L-0000292,ARGI-7883160db9,ARREF-e372ac9b3c,(argument),,2024:63,2025-08-21T18:40:13Z,,,Other,TOP-NA,con,,,,FREF-d5ef31a5eb,25,0.5,0.5,0.5,positive,,0.0,0.0312,1,
ARG-L-0000293,ARGI-7883160db9,ARREF-e372ac9b3c,(argument),,2024:63,2025-08-21T18:40:13Z,,,Other,TOP-NA,con,,,,FREF-d5ef31a5eb,25,0.5,0.5,0.5,positive,,0.0,0.0312,1,
ARG-L-0000294,ARGI-7883160db9,ARREF-e372ac9b3c,(argument),,2024:63,2025-08-21T18:40:13Z,,,Other,TOP-NA,con,,,,FREF-d5ef31a5eb,25,0.5,0.5,0.5,positive,,0.0,0.0312,1,
ARG-L-0000295,ARGI-7883160db9,ARREF-e372ac9b3c,(argument),,2024:63,2025-08-21T18:40:13Z,,,Other,TOP-NA,con,,,,FREF-d5ef31a5eb,25,0.5,0.5,0.5,positive,,0.0,0.0312,1,
ARG-L-0000296,ARGI-7883160db9,ARREF-e372ac9b3c,(argument),,2024:63,2025-08-21T18:40:13Z,,,Other,TOP-NA,con,,,,FREF-d5ef31a5eb,25,0.5,0.5,0.5,positive,,0.0,0.0312,1,
ARG-L-0000297,ARGI-7883160db9,ARREF-e372ac9b3c,(argument),,2024:63,2025-08-21T18:40:13Z,,,Other,TOP-NA,con,,,,FREF-d5ef31a5eb,25,0.5,0.5,0.5,positive,,0.0,0.0312,1,
ARG-L-0000298,ARGI-7883160db9,ARREF-e372ac9b3c,(argument),,2024:63,2025-08-21T18:40:13Z,,,Other,TOP-NA,con,,,,FREF-d5ef31a5eb,25,0.5,0.5,0.5,positive,,0.0,0.0312,1,
ARG-L-0000299,ARGI-7883160db9,ARREF-e372ac9b3c,(argument),,2024:63,2025-08-21T18:40:13Z,,,Other,TOP-NA,con,,,,FREF-d5ef31a5eb,25,0.5,0.5,0.5,positive,,0.0,0.0312,1,
ARG-L-0000300,ARGI-7883160db9,ARREF-e372ac9b3c,(argument),,2024:63,2025-08-21T18:40:13Z,,,Other,TOP-NA,con,,,,FREF-d5ef31a5eb,25,0.5,0.5,0.5,positive,,0.0,0.0312,1,
ARG-L-0000301,ARGI-7883160db9,ARREF-e372ac9b3c,(argument),,2024:63,2025-08-21T18:40:13Z,,,Other,TOP-NA,con,,,,FREF-d5ef31a5eb,25,0.5,0.5,0.5,positive,,0.0,0.0312,1,
ARG-L-0000302,ARGI-7883160db9,ARREF-e372ac9b3c,(argument),,2024:63,2025-08-21T18:40:13Z,,,Other,TOP-NA,con,,,,FREF-d5ef31a5eb,25,0.5,0.5,0.5,positive,,0.0,0.0312,1,
ARG-L-0000303,ARGI-7883160db9,ARREF-e372ac9b3c,(argument),,2024:63,2025-08-21T18:40:13Z,,,Other,TOP-NA,con,,,,FREF-d5ef31a5eb,25,0.5,0.5,0.5,positive,,0.0,0.0312,1,
ARG-L-0000304,ARGI-7883160db9,ARREF-e372ac9b3c,(argument),,2024:63,2025-08-21T18:40:13Z,,,Other,TOP-NA,con,,,,FREF-d5ef31a5eb,25,0.5,0.5,0.5,positive,,0.0,0.0312,1,
ARG-L-0000305,ARGI-7883160db9,ARREF-e372ac9b3c,(argument),,2024:63,2025-08-21T18:40:13Z,,,Other,TOP-NA,con,,,,FREF-d5ef31a5eb,25,0.5,0.5,0.5,positive,,0.0,0.0312,1,
ARG-L-0000306,ARGI-b61824f086,ARREF-e372ac9b3c,(argument),,2024:65,2025-08-21T18:40:13Z,,,Other,TOP-NA,con,,,,FREF-d5ef31a5eb,25,0.5,0.5,0.5,positive,,0.0,0.0312,1,
ARG-L-0000307,ARGI-b61824f086,ARREF-e372ac9b3c,(argument),,2024:65,2025-08-21T18:40:13Z,,,Other,TOP-NA,con,,,,FREF-d5ef31a5eb,25,0.5,0.5,0.5,positive,,0.0,0.0312,1,
ARG-L-0000308,ARGI-b61824f086,ARREF-e372ac9b3c,(argument),,2024:65,2025-08-21T18:40:13Z,,,Other,TOP-NA,con,,,,FREF-d5ef31a5eb,25,0.5,0.5,0.5,positive,,0.0,0.0312,1,
ARG-L-0000309,ARGI-b61824f086,ARREF-e372ac9b3c,(argument),,2024:65,2025-08-21T18:40:13Z,,,Other,TOP-NA,con,,,,FREF-d5ef31a5eb,25,0.5,0.5,0.5,positive,,0.0,0.0312,1,
ARG-L-0000310,ARGI-b61824f086,ARREF-e372ac9b3c,(argument),,2024:65,2025-08-21T18:40:13Z,,,Other,TOP-NA,con,,,,FREF-d5ef31a5eb,25,0.5,0.5,0.5,positive,,0.0,0.0312,1,
ARG-L-0000311,ARGI-b61824f086,ARREF-e372ac9b3c,(argument),,2024:65,2025-08-21T18:40:13Z,,,Other,TOP-NA,con,,,,FREF-d5ef31a5eb,25,0.5,0.5,0.5,positive,,0.0,0.0312,1,
ARG-L-0000312,ARGI-b61824f086,ARREF-e372ac9b3c,(argument),,2024:65,2025-08-21T18:40:13Z,,,Other,TOP-NA,con,,,,FREF-d5ef31a5eb,25,0.5,0.5,0.5,positive,,0.0,0.0312,1,
ARG-L-0000313,ARGI-cd4b58a308,ARREF-e372ac9b3c,(argument),,2024:70,2025-08-21T18:40:13Z,,,Other,TOP-NA,con,,,,FREF-d5ef31a5eb,25,0.5,0.5,0.5,positive,,0.0,0.0312,1,
ARG-L-0000314,ARGI-cd4b58a308,ARREF-e372ac9b3c,(argument),,2024:70,2025-08-21T18:40:13Z,,,Other,TOP-NA,con,,,,FREF-d5ef31a5eb,25,0.5,0.5,0.5,positive,,0.0,0.0312,1,
ARG-L-0000315,ARGI-cd4b58a308,ARREF-e372ac9b3c,(argument),,2024:70,2025-08-21T18:40:13Z,,,Other,TOP-NA,con,,,,FREF-d5ef31a5eb,25,0.5,0.5,0.5,positive,,0.0,0.0312,1,
ARG-L-0000316,ARGI-cd4b58a308,ARREF-e372ac9b3c,(argument),,2024:70,2025-08-21T18:40:13Z,,,Other,TOP-NA,con,,,,FREF-d5ef31a5eb,25,0.5,0.5,0.5,positive,,0.0,0.0312,1,
ARG-L-0000317,ARGI-cd4b58a308,ARREF-e372ac9b3c,(argument),,2024:70,2025-08-21T18:40:13Z,,,Other,TOP-NA,con,,,,FREF-d5ef31a5eb,25,0.5,0.5,0.5,positive,,0.0,0.0312,1,
ARG-L-0000318,ARGI-cd4b58a308,ARREF-e372ac9b3c,(argument),,2024:70,2025-08-21T18:40:13Z,,,Other,TOP-NA,con,,,,FREF-d5ef31a5eb,25,0.5,0.5,0.5,positive,,0.0,0.0312,1,
ARG-L-0000319,ARGI-cd4b58a308,ARREF-e372ac9b3c,(argument),,2024:70,2025-08-21T18:40:13Z,,,Other,TOP-NA,con,,,,FREF-d5ef31a5eb,25,0.5,0.5,0.5,positive,,0.0,0.0312,1,
ARG-L-0000320,ARGI-cd4b58a308,ARREF-e372ac9b3c,(argument),,2024:70,2025-08-21T18:40:13Z,,,Other,TOP-NA,con,,,,FREF-d5ef31a5eb,25,0.5,0.5,0.5,positive,,0.0,0.0312,1,
ARG-L-0000321,ARGI-e2c407c8bb,ARREF-e372ac9b3c,(argument),,2024:71,2025-08-21T18:40:13Z,,,Other,TOP-NA,con,,,,FREF-d5ef31a5eb,25,0.5,0.5,0.5,positive,,0.0,0.0312,1,
ARG-L-0000322,ARGI-e2c407c8bb,ARREF-e372ac9b3c,(argument),,2024:71,2025-08-21T18:40:13Z,,,Other,TOP-NA,con,,,,FREF-d5ef31a5eb,25,0.5,0.5,0.5,positive,,0.0,0.0312,1,
ARG-L-0000323,ARGI-e2c407c8bb,ARREF-e372ac9b3c,(argument),,2024:71,2025-08-21T18:40:13Z,,,Other,TOP-NA,con,,,,FREF-d5ef31a5eb,25,0.5,0.5,0.5,positive,,0.0,0.0312,1,
ARG-L-0000324,ARGI-e2c407c8bb,ARREF-e372ac9b3c,(argument),,2024:71,2025-08-21T18:40:13Z,,,Other,TOP-NA,con,,,,FREF-d5ef31a5eb,25,0.5,0.5,0.5,positive,,0.0,0.0312,1,
ARG-L-0000325,ARGI-e2c407c8bb,ARREF-e372ac9b3c,(argument),,2024:71,2025-08-21T18:40:13Z,,,Other,TOP-NA,con,,,,FREF-d5ef31a5eb,25,0.5,0.5,0.5,positive,,0.0,0.0312,1,
ARG-L-0000326,ARGI-e2c407c8bb,ARREF-e372ac9b3c,(argument),,2024:71,2025-08-21T18:40:13Z,,,Other,TOP-NA,con,,,,FREF-d5ef31a5eb,25,0.5,0.5,0.5,positive,,0.0,0.0312,1,
ARG-L-0000327,ARGI-e2c407c8bb,ARREF-e372ac9b3c,(argument),,2024:71,2025-08-21T18:40:13Z,,,Other,TOP-NA,con,,,,FREF-d5ef31a5eb,25,0.5,0.5,0.5,positive,,0.0,0.0312,1,
ARG-L-0000328,ARGI-e2c407c8bb,ARREF-e372ac9b3c,(argument),,2024:71,2025-08-21T18:40:13Z,,,Other,TOP-NA,con,,,,FREF-d5ef31a5eb,25,0.5,0.5,0.5,positive,,0.0,0.0312,1,
ARG-L-0000329,ARGI-e2c407c8bb,ARREF-e372ac9b3c,(argument),,2024:71,2025-08-21T18:40:13Z,,,Other,TOP-NA,con,,,,FREF-d5ef31a5eb,25,0.5,0.5,0.5,positive,,0.0,0.0312,1,
ARG-L-0000330,ARGI-e2c407c8bb,ARREF-e372ac9b3c,(argument),,2024:71,2025-08-21T18:40:13Z,,,Other,TOP-NA,con,,,,FREF-d5ef31a5eb,25,0.5,0.5,0.5,positive,,0.0,0.0312,1,
ARG-L-0000331,ARGI-e2c407c8bb,ARREF-e372ac9b3c,(argument),,2024:71,2025-08-21T18:40:13Z,,,Other,TOP-NA,con,,,,FREF-d5ef31a5eb,25,0.5,0.5,0.5,positive,,0.0,0.0312,1,
ARG-L-0000332,ARGI-e2c407c8bb,ARREF-e372ac9b3c,(argument),,2024:71,2025-08-21T18:40:13Z,,,Other,TOP-NA,con,,,,FREF-d5ef31a5eb,25,0.5,0.5,0.5,positive,,0.0,0.0312,1,
ARG-L-0000333,ARGI-e2c407c8bb,ARREF-e372ac9b3c,(argument),,2024:71,2025-08-21T18:40:13Z,,,Other,TOP-NA,con,,,,FREF-d5ef31a5eb,25,0.5,0.5,0.5,positive,,0.0,0.0312,1,
ARG-L-0000334,ARGI-e2c407c8bb,ARREF-e372ac9b3c,(argument),,2024:71,2025-08-21T18:40:13Z,,,Other,TOP-NA,con,,,,FREF-d5ef31a5eb,25,0.5,0.5,0.5,positive,,0.0,0.0312,1,
ARG-L-0000335,ARGI-e2c407c8bb,ARREF-e372ac9b3c,(argument),,2024:71,2025-08-21T18:40:13Z,,,Other,TOP-NA,con,,,,FREF-d5ef31a5eb,25,0.5,0.5,0.5,positive,,0.0,0.0312,1,
ARG-L-0000336,ARGI-e2c407c8bb,ARREF-e372ac9b3c,(argument),,2024:71,2025-08-21T18:40:13Z,,,Other,TOP-NA,con,,,,FREF-d5ef31a5eb,25,0.5,0.5,0.5,positive,,0.0,0.0312,1,
ARG-L-0000337,ARGI-af5b812018,ARREF-e372ac9b3c,(argument),,2024:76,2025-08-21T18:40:13Z,,,Other,TOP-NA,con,,,,FREF-d5ef31a5eb,25,0.5,0.5,0.5,positive,,0.0,0.0312,1,
ARG-L-0000338,ARGI-af5b812018,ARREF-e372ac9b3c,(argument),,2024:76,2025-08-21T18:40:13Z,,,Other,TOP-NA,con,,,,FREF-d5ef31a5eb,25,0.5,0.5,0.5,positive,,0.0,0.0312,1,
ARG-L-0000339,ARGI-af5b812018,ARREF-e372ac9b3c,(argument),,2024:76,2025-08-21T18:40:13Z,,,Other,TOP-NA,con,,,,FREF-d5ef31a5eb,25,0.5,0.5,0.5,positive,,0.0,0.0312,1,
ARG-L-0000340,ARGI-af5b812018,ARREF-e372ac9b3c,(argument),,2024:76,2025-08-21T18:40:13Z,,,Other,TOP-NA,con,,,,FREF-d5ef31a5eb,25,0.5,0.5,0.5,positive,,0.0,0.0312,1,
ARG-L-0000341,ARGI-af5b812018,ARREF-e372ac9b3c,(argument),,2024:76,2025-08-21T18:40:13Z,,,Other,TOP-NA,con,,,,FREF-d5ef31a5eb,25,0.5,0.5,0.5,positive,,0.0,0.0312,1,
ARG-L-0000342,ARGI-af5b812018,ARREF-e372ac9b3c,(argument),,2024:76,2025-08-21T18:40:13Z,,,Other,TOP-NA,con,,,,FREF-d5ef31a5eb,25,0.5,0.5,0.5,positive,,0.0,0.0312,1,
ARG-L-0000343,ARGI-b2f78dfcb4,ARREF-e372ac9b3c,(argument),,2024:77,2025-08-21T18:40:13Z,,,Other,TOP-NA,con,,,,FREF-d5ef31a5eb,25,0.5,0.5,0.5,positive,,0.0,0.0312,1,
ARG-L-0000344,ARGI-b2f78dfcb4,ARREF-e372ac9b3c,(argument),,2024:77,2025-08-21T18:40:13Z,,,Other,TOP-NA,con,,,,FREF-d5ef31a5eb,25,0.5,0.5,0.5,positive,,0.0,0.0312,1,
ARG-L-0000345,ARGI-b2f78dfcb4,ARREF-e372ac9b3c,(argument),,2024:77,2025-08-21T18:40:13Z,,,Other,TOP-NA,con,,,,FREF-d5ef31a5eb,25,0.5,0.5,0.5,positive,,0.0,0.0312,1,
ARG-L-0000346,ARGI-b2f78dfcb4,ARREF-e372ac9b3c,(argument),,2024:77,2025-08-21T18:40:13Z,,,Other,TOP-NA,con,,,,FREF-d5ef31a5eb,25,0.5,0.5,0.5,positive,,0.0,0.0312,1,
ARG-L-0000347,ARGI-b2f78dfcb4,ARREF-e372ac9b3c,(argument),,2024:77,2025-08-21T18:40:13Z,,,Other,TOP-NA,con,,,,FREF-d5ef31a5eb,25,0.5,0.5,0.5,positive,,0.0,0.0312,1,
ARG-L-0000348,ARGI-b2f78dfcb4,ARREF-e372ac9b3c,(argument),,2024:77,2025-08-21T18:40:13Z,,,Other,TOP-NA,con,,,,FREF-d5ef31a5eb,25,0.5,0.5,0.5,positive,,0.0,0.0312,1,
ARG-L-0000349,ARGI-b2f78dfcb4,ARREF-e372ac9b3c,(argument),,2024:77,2025-08-21T18:40:13Z,,,Other,TOP-NA,con,,,,FREF-d5ef31a5eb,25,0.5,0.5,0.5,positive,,0.0,0.0312,1,
ARG-L-0000350,ARGI-438447490a,ARREF-e372ac9b3c,(argument),,2024:78,2025-08-21T18:40:13Z,,,Other,TOP-NA,con,,,,FREF-d5ef31a5eb,25,0.5,0.5,0.5,positive,,0.0,0.0312,1,
ARG-L-0000351,ARGI-438447490a,ARREF-e372ac9b3c,(argument),,2024:78,2025-08-21T18:40:13Z,,,Other,TOP-NA,con,,,,FREF-d5ef31a5eb,25,0.5,0.5,0.5,positive,,0.0,0.0312,1,
ARG-L-0000352,ARGI-438447490a,ARREF-e372ac9b3c,(argument),,2024:78,2025-08-21T18:40:13Z,,,Other,TOP-NA,con,,,,FREF-d5ef31a5eb,25,0.5,0.5,0.5,positive,,0.0,0.0312,1,
ARG-L-0000353,ARGI-438447490a,ARREF-e372ac9b3c,(argument),,2024:78,2025-08-21T18:40:13Z,,,Other,TOP-NA,con,,,,FREF-d5ef31a5eb,25,0.5,0.5,0.5,positive,,0.0,0.0312,1,
ARG-L-0000354,ARGI-438447490a,ARREF-e372ac9b3c,(argument),,2024:78,2025-08-21T18:40:13Z,,,Other,TOP-NA,con,,,,FREF-d5ef31a5eb,25,0.5,0.5,0.5,positive,,0.0,0.0312,1,
ARG-L-0000355,ARGI-438447490a,ARREF-e372ac9b3c,(argument),,2024:78,2025-08-21T18:40:13Z,,,Other,TOP-NA,con,,,,FREF-d5ef31a5eb,25,0.5,0.5,0.5,positive,,0.0,0.0312,1,
ARG-L-0000356,ARGI-438447490a,ARREF-e372ac9b3c,(argument),,2024:78,2025-08-21T18:40:13Z,,,Other,TOP-NA,con,,,,FREF-d5ef31a5eb,25,0.5,0.5,0.5,positive,,0.0,0.0312,1,
ARG-L-0000357,ARGI-38072966bb,ARREF-e372ac9b3c,(argument),,2024:80,2025-08-21T18:40:13Z,,,Other,TOP-NA,con,,,,FREF-d5ef31a5eb,25,0.5,0.5,0.5,positive,,0.0,0.0312,1,
ARG-L-0000358,ARGI-38072966bb,ARREF-e372ac9b3c,(argument),,2024:80,2025-08-21T18:40:13Z,,,Other,TOP-NA,con,,,,FREF-d5ef31a5eb,25,0.5,0.5,0.5,positive,,0.0,0.0312,1,
ARG-L-0000359,ARGI-38072966bb,ARREF-e372ac9b3c,(argument),,2024:80,2025-08-21T18:40:13Z,,,Other,TOP-NA,con,,,,FREF-d5ef31a5eb,25,0.5,0.5,0.5,positive,,0.0,0.0312,1,
ARG-L-0000360,ARGI-38072966bb,ARREF-e372ac9b3c,(argument),,2024:80,2025-08-21T18:40:13Z,,,Other,TOP-NA,con,,,,FREF-d5ef31a5eb,25,0.5,0.5,0.5,positive,,0.0,0.0312,1,
ARG-L-0000361,ARGI-38072966bb,ARREF-e372ac9b3c,(argument),,2024:80,2025-08-21T18:40:13Z,,,Other,TOP-NA,con,,,,FREF-d5ef31a5eb,25,0.5,0.5,0.5,positive,,0.0,0.0312,1,
ARG-L-0000362,ARGI-38072966bb,ARREF-e372ac9b3c,(argument),,2024:80,2025-08-21T18:40:13Z,,,Other,TOP-NA,con,,,,FREF-d5ef31a5eb,25,0.5,0.5,0.5,positive,,0.0,0.0312,1,
ARG-L-0000363,ARGI-38072966bb,ARREF-e372ac9b3c,(argument),,2024:80,2025-08-21T18:40:13Z,,,Other,TOP-NA,con,,,,FREF-d5ef31a5eb,25,0.5,0.5,0.5,positive,,0.0,0.0312,1,
ARG-L-0000364,ARGI-516f20bb51,ARREF-e372ac9b3c,(argument),,2024:81,2025-08-21T18:40:13Z,,,Other,TOP-NA,con,,,,FREF-d5ef31a5eb,25,0.5,0.5,0.5,positive,,0.0,0.0312,1,
ARG-L-0000365,ARGI-516f20bb51,ARREF-e372ac9b3c,(argument),,2024:81,2025-08-21T18:40:13Z,,,Other,TOP-NA,con,,,,FREF-d5ef31a5eb,25,0.5,0.5,0.5,positive,,0.0,0.0312,1,
ARG-L-0000366,ARGI-516f20bb51,ARREF-e372ac9b3c,(argument),,2024:81,2025-08-21T18:40:13Z,,,Other,TOP-NA,con,,,,FREF-d5ef31a5eb,25,0.5,0.5,0.5,positive,,0.0,0.0312,1,
ARG-L-0000367,ARGI-516f20bb51,ARREF-e372ac9b3c,(argument),,2024:81,2025-08-21T18:40:13Z,,,Other,TOP-NA,con,,,,FREF-d5ef31a5eb,25,0.5,0.5,0.5,positive,,0.0,0.0312,1,
ARG-L-0000368,ARGI-516f20bb51,ARREF-e372ac9b3c,(argument),,2024:81,2025-08-21T18:40:13Z,,,Other,TOP-NA,con,,,,FREF-d5ef31a5eb,25,0.5,0.5,0.5,positive,,0.0,0.0312,1,
ARG-L-0000369,ARGI-516f20bb51,ARREF-e372ac9b3c,(argument),,2024:81,2025-08-21T18:40:13Z,,,Other,TOP-NA,con,,,,FREF-d5ef31a5eb,25,0.5,0.5,0.5,positive,,0.0,0.0312,1,
ARG-L-0000370,ARGI-516f20bb51,ARREF-e372ac9b3c,(argument),,2024:81,2025-08-21T18:40:13Z,,,Other,TOP-NA,con,,,,FREF-d5ef31a5eb,25,0.5,0.5,0.5,positive,,0.0,0.0312,1,
ARG-L-0000371,ARGI-516f20bb51,ARREF-e372ac9b3c,(argument),,2024:81,2025-08-21T18:40:13Z,,,Other,TOP-NA,con,,,,FREF-d5ef31a5eb,25,0.5,0.5,0.5,positive,,0.0,0.0312,1,
ARG-L-0000372,ARGI-516f20bb51,ARREF-e372ac9b3c,(argument),,2024:81,2025-08-21T18:40:13Z,,,Other,TOP-NA,con,,,,FREF-d5ef31a5eb,25,0.5,0.5,0.5,positive,,0.0,0.0312,1,
ARG-L-0000373,ARGI-cc54d33109,ARREF-e372ac9b3c,(argument),,2024:82,2025-08-21T18:40:13Z,,,Other,TOP-NA,con,,,,FREF-d5ef31a5eb,25,0.5,0.5,0.5,positive,,0.0,0.0312,1,
ARG-L-0000374,ARGI-cc54d33109,ARREF-e372ac9b3c,(argument),,2024:82,2025-08-21T18:40:13Z,,,Other,TOP-NA,con,,,,FREF-d5ef31a5eb,25,0.5,0.5,0.5,positive,,0.0,0.0312,1,
ARG-L-0000375,ARGI-cc54d33109,ARREF-e372ac9b3c,(argument),,2024:82,2025-08-21T18:40:13Z,,,Other,TOP-NA,con,,,,FREF-d5ef31a5eb,25,0.5,0.5,0.5,positive,,0.0,0.0312,1,
ARG-L-0000376,ARGI-cc54d33109,ARREF-e372ac9b3c,(argument),,2024:82,2025-08-21T18:40:13Z,,,Other,TOP-NA,con,,,,FREF-d5ef31a5eb,25,0.5,0.5,0.5,positive,,0.0,0.0312,1,
ARG-L-0000377,ARGI-cc54d33109,ARREF-e372ac9b3c,(argument),,2024:82,2025-08-21T18:40:13Z,,,Other,TOP-NA,con,,,,FREF-d5ef31a5eb,25,0.5,0.5,0.5,positive,,0.0,0.0312,1,
ARG-L-0000378,ARGI-cc54d33109,ARREF-e372ac9b3c,(argument),,2024:82,2025-08-21T18:40:13Z,,,Other,TOP-NA,con,,,,FREF-d5ef31a5eb,25,0.5,0.5,0.5,positive,,0.0,0.0312,1,
ARG-L-0000379,ARGI-cc54d33109,ARREF-e372ac9b3c,(argument),,2024:82,2025-08-21T18:40:13Z,,,Other,TOP-NA,con,,,,FREF-d5ef31a5eb,25,0.5,0.5,0.5,positive,,0.0,0.0312,1,
ARG-L-0000380,ARGI-cc54d33109,ARREF-e372ac9b3c,(argument),,2024:82,2025-08-21T18:40:13Z,,,Other,TOP-NA,con,,,,FREF-d5ef31a5eb,25,0.5,0.5,0.5,positive,,0.0,0.0312,1,
ARG-L-0000381,ARGI-cc54d33109,ARREF-e372ac9b3c,(argument),,2024:82,2025-08-21T18:40:13Z,,,Other,TOP-NA,con,,,,FREF-d5ef31a5eb,25,0.5,0.5,0.5,positive,,0.0,0.0312,1,
ARG-L-0000382,ARGI-6b7d0293c4,ARREF-e372ac9b3c,(argument),,2024:83,2025-08-21T18:40:13Z,,,Other,TOP-NA,con,,,,FREF-d5ef31a5eb,25,0.5,0.5,0.5,positive,,0.0,0.0312,1,
ARG-L-0000383,ARGI-6b7d0293c4,ARREF-e372ac9b3c,(argument),,2024:83,2025-08-21T18:40:13Z,,,Other,TOP-NA,con,,,,FREF-d5ef31a5eb,25,0.5,0.5,0.5,positive,,0.0,0.0312,1,
ARG-L-0000384,ARGI-6b7d0293c4,ARREF-e372ac9b3c,(argument),,2024:83,2025-08-21T18:40:13Z,,,Other,TOP-NA,con,,,,FREF-d5ef31a5eb,25,0.5,0.5,0.5,positive,,0.0,0.0312,1,
ARG-L-0000385,ARGI-6b7d0293c4,ARREF-e372ac9b3c,(argument),,2024:83,2025-08-21T18:40:13Z,,,Other,TOP-NA,con,,,,FREF-d5ef31a5eb,25,0.5,0.5,0.5,positive,,0.0,0.0312,1,
ARG-L-0000386,ARGI-6b7d0293c4,ARREF-e372ac9b3c,(argument),,2024:83,2025-08-21T18:40:13Z,,,Other,TOP-NA,con,,,,FREF-d5ef31a5eb,25,0.5,0.5,0.5,positive,,0.0,0.0312,1,
ARG-L-0000387,ARGI-6b7d0293c4,ARREF-e372ac9b3c,(argument),,2024:83,2025-08-21T18:40:13Z,,,Other,TOP-NA,con,,,,FREF-d5ef31a5eb,25,0.5,0.5,0.5,positive,,0.0,0.0312,1,
ARG-L-0000388,ARGI-6b7d0293c4,ARREF-e372ac9b3c,(argument),,2024:83,2025-08-21T18:40:13Z,,,Other,TOP-NA,con,,,,FREF-d5ef31a5eb,25,0.5,0.5,0.5,positive,,0.0,0.0312,1,
ARG-L-0000389,ARGI-6b7d0293c4,ARREF-e372ac9b3c,(argument),,2024:83,2025-08-21T18:40:13Z,,,Other,TOP-NA,con,,,,FREF-d5ef31a5eb,25,0.5,0.5,0.5,positive,,0.0,0.0312,1,
ARG-L-0000390,ARGI-6b7d0293c4,ARREF-e372ac9b3c,(argument),,2024:83,2025-08-21T18:40:13Z,,,Other,TOP-NA,con,,,,FREF-d5ef31a5eb,25,0.5,0.5,0.5,positive,,0.0,0.0312,1,
ARG-L-0000391,ARGI-6b7d0293c4,ARREF-e372ac9b3c,(argument),,2024:83,2025-08-21T18:40:13Z,,,Other,TOP-NA,con,,,,FREF-d5ef31a5eb,25,0.5,0.5,0.5,positive,,0.0,0.0312,1,
ARG-L-0000392,ARGI-37ee6fded0,ARREF-e372ac9b3c,(argument),,2024:86,2025-08-21T18:40:13Z,,,Other,TOP-NA,con,,,,FREF-d5ef31a5eb,25,0.5,0.5,0.5,positive,,0.0,0.0312,1,
ARG-L-0000393,ARGI-37ee6fded0,ARREF-e372ac9b3c,(argument),,2024:86,2025-08-21T18:40:13Z,,,Other,TOP-NA,con,,,,FREF-d5ef31a5eb,25,0.5,0.5,0.5,positive,,0.0,0.0312,1,
ARG-L-0000394,ARGI-37ee6fded0,ARREF-e372ac9b3c,(argument),,2024:86,2025-08-21T18:40:13Z,,,Other,TOP-NA,con,,,,FREF-d5ef31a5eb,25,0.5,0.5,0.5,positive,,0.0,0.0312,1,
ARG-L-0000395,ARGI-37ee6fded0,ARREF-e372ac9b3c,(argument),,2024:86,2025-08-21T18:40:13Z,,,Other,TOP-NA,con,,,,FREF-d5ef31a5eb,25,0.5,0.5,0.5,positive,,0.0,0.0312,1,
ARG-L-0000396,ARGI-37ee6fded0,ARREF-e372ac9b3c,(argument),,2024:86,2025-08-21T18:40:13Z,,,Other,TOP-NA,con,,,,FREF-d5ef31a5eb,25,0.5,0.5,0.5,positive,,0.0,0.0312,1,
ARG-L-0000397,ARGI-37ee6fded0,ARREF-e372ac9b3c,(argument),,2024:86,2025-08-21T18:40:13Z,,,Other,TOP-NA,con,,,,FREF-d5ef31a5eb,25,0.5,0.5,0.5,positive,,0.0,0.0312,1,
ARG-L-0000398,ARGI-37ee6fded0,ARREF-e372ac9b3c,(argument),,2024:86,2025-08-21T18:40:13Z,,,Other,TOP-NA,con,,,,FREF-d5ef31a5eb,25,0.5,0.5,0.5,positive,,0.0,0.0312,1,
ARG-L-0000399,ARGI-0d47dd7bb9,ARREF-e372ac9b3c,(argument),,2024:87,2025-08-21T18:40:13Z,,,Other,TOP-NA,con,,,,FREF-d5ef31a5eb,25,0.5,0.5,0.5,positive,,0.0,0.0312,1,
ARG-L-0000400,ARGI-0d47dd7bb9,ARREF-e372ac9b3c,(argument),,2024:87,2025-08-21T18:40:13Z,,,Other,TOP-NA,con,,,,FREF-d5ef31a5eb,25,0.5,0.5,0.5,positive,,0.0,0.0312,1,
ARG-L-0000401,ARGI-0d47dd7bb9,ARREF-e372ac9b3c,(argument),,2024:87,2025-08-21T18:40:13Z,,,Other,TOP-NA,con,,,,FREF-d5ef31a5eb,25,0.5,0.5,0.5,positive,,0.0,0.0312,1,
ARG-L-0000402,ARGI-0d47dd7bb9,ARREF-e372ac9b3c,(argument),,2024:87,2025-08-21T18:40:13Z,,,Other,TOP-NA,con,,,,FREF-d5ef31a5eb,25,0.5,0.5,0.5,positive,,0.0,0.0312,1,
ARG-L-0000403,ARGI-0d47dd7bb9,ARREF-e372ac9b3c,(argument),,2024:87,2025-08-21T18:40:13Z,,,Other,TOP-NA,con,,,,FREF-d5ef31a5eb,25,0.5,0.5,0.5,positive,,0.0,0.0312,1,
ARG-L-0000404,ARGI-6e659a05c0,ARREF-e372ac9b3c,(argument),,2024:88,2025-08-21T18:40:13Z,,,Other,TOP-NA,con,,,,FREF-d5ef31a5eb,25,0.5,0.5,0.5,positive,,0.0,0.0312,1,
ARG-L-0000405,ARGI-6e659a05c0,ARREF-e372ac9b3c,(argument),,2024:88,2025-08-21T18:40:13Z,,,Other,TOP-NA,con,,,,FREF-d5ef31a5eb,25,0.5,0.5,0.5,positive,,0.0,0.0312,1,
ARG-L-0000406,ARGI-6e659a05c0,ARREF-e372ac9b3c,(argument),,2024:88,2025-08-21T18:40:13Z,,,Other,TOP-NA,con,,,,FREF-d5ef31a5eb,25,0.5,0.5,0.5,positive,,0.0,0.0312,1,
ARG-L-0000407,ARGI-6e659a05c0,ARREF-e372ac9b3c,(argument),,2024:88,2025-08-21T18:40:13Z,,,Other,TOP-NA,con,,,,FREF-d5ef31a5eb,25,0.5,0.5,0.5,positive,,0.0,0.0312,1,
ARG-L-0000408,ARGI-6e659a05c0,ARREF-e372ac9b3c,(argument),,2024:88,2025-08-21T18:40:13Z,,,Other,TOP-NA,con,,,,FREF-d5ef31a5eb,25,0.5,0.5,0.5,positive,,0.0,0.0312,1,
ARG-L-0000409,ARGI-6e659a05c0,ARREF-e372ac9b3c,(argument),,2024:88,2025-08-21T18:40:13Z,,,Other,TOP-NA,con,,,,FREF-d5ef31a5eb,25,0.5,0.5,0.5,positive,,0.0,0.0312,1,
ARG-L-0000410,ARGI-6e659a05c0,ARREF-e372ac9b3c,(argument),,2024:88,2025-08-21T18:40:13Z,,,Other,TOP-NA,con,,,,FREF-d5ef31a5eb,25,0.5,0.5,0.5,positive,,0.0,0.0312,1,
ARG-L-0000411,ARGI-6e659a05c0,ARREF-e372ac9b3c,(argument),,2024:88,2025-08-21T18:40:13Z,,,Other,TOP-NA,con,,,,FREF-d5ef31a5eb,25,0.5,0.5,0.5,positive,,0.0,0.0312,1,
ARG-L-0000412,ARGI-6880b272f2,ARREF-e372ac9b3c,(argument),,2024:89,2025-08-21T18:40:13Z,,,Other,TOP-NA,con,,,,FREF-d5ef31a5eb,25,0.5,0.5,0.5,positive,,0.0,0.0312,1,
ARG-L-0000413,ARGI-6880b272f2,ARREF-e372ac9b3c,(argument),,2024:89,2025-08-21T18:40:13Z,,,Other,TOP-NA,con,,,,FREF-d5ef31a5eb,25,0.5,0.5,0.5,positive,,0.0,0.0312,1,
ARG-L-0000414,ARGI-6880b272f2,ARREF-e372ac9b3c,(argument),,2024:89,2025-08-21T18:40:13Z,,,Other,TOP-NA,con,,,,FREF-d5ef31a5eb,25,0.5,0.5,0.5,positive,,0.0,0.0312,1,
ARG-L-0000415,ARGI-6880b272f2,ARREF-e372ac9b3c,(argument),,2024:89,2025-08-21T18:40:13Z,,,Other,TOP-NA,con,,,,FREF-d5ef31a5eb,25,0.5,0.5,0.5,positive,,0.0,0.0312,1,
ARG-L-0000416,ARGI-6880b272f2,ARREF-e372ac9b3c,(argument),,2024:89,2025-08-21T18:40:13Z,,,Other,TOP-NA,con,,,,FREF-d5ef31a5eb,25,0.5,0.5,0.5,positive,,0.0,0.0312,1,
ARG-L-0000417,ARGI-6880b272f2,ARREF-e372ac9b3c,(argument),,2024:89,2025-08-21T18:40:13Z,,,Other,TOP-NA,con,,,,FREF-d5ef31a5eb,25,0.5,0.5,0.5,positive,,0.0,0.0312,1,
ARG-L-0000418,ARGI-6880b272f2,ARREF-e372ac9b3c,(argument),,2024:89,2025-08-21T18:40:13Z,,,Other,TOP-NA,con,,,,FREF-d5ef31a5eb,25,0.5,0.5,0.5,positive,,0.0,0.0312,1,
ARG-L-0000419,ARGI-6880b272f2,ARREF-e372ac9b3c,(argument),,2024:89,2025-08-21T18:40:13Z,,,Other,TOP-NA,con,,,,FREF-d5ef31a5eb,25,0.5,0.5,0.5,positive,,0.0,0.0312,1,
ARG-L-0000420,ARGI-18900a50d4,ARREF-e372ac9b3c,(argument),,2024:92,2025-08-21T18:40:13Z,,,Other,TOP-NA,con,,,,FREF-d5ef31a5eb,25,0.5,0.5,0.5,positive,,0.0,0.0312,1,
ARG-L-0000421,ARGI-18900a50d4,ARREF-e372ac9b3c,(argument),,2024:92,2025-08-21T18:40:13Z,,,Other,TOP-NA,con,,,,FREF-d5ef31a5eb,25,0.5,0.5,0.5,positive,,0.0,0.0312,1,
ARG-L-0000422,ARGI-18900a50d4,ARREF-e372ac9b3c,(argument),,2024:92,2025-08-21T18:40:13Z,,,Other,TOP-NA,con,,,,FREF-d5ef31a5eb,25,0.5,0.5,0.5,positive,,0.0,0.0312,1,
ARG-L-0000423,ARGI-18900a50d4,ARREF-e372ac9b3c,(argument),,2024:92,2025-08-21T18:40:13Z,,,Other,TOP-NA,con,,,,FREF-d5ef31a5eb,25,0.5,0.5,0.5,positive,,0.0,0.0312,1,
ARG-L-0000424,ARGI-18900a50d4,ARREF-e372ac9b3c,(argument),,2024:92,2025-08-21T18:40:13Z,,,Other,TOP-NA,con,,,,FREF-d5ef31a5eb,25,0.5,0.5,0.5,positive,,0.0,0.0312,1,
ARG-L-0000425,ARGI-18900a50d4,ARREF-e372ac9b3c,(argument),,2024:92,2025-08-21T18:40:13Z,,,Other,TOP-NA,con,,,,FREF-d5ef31a5eb,25,0.5,0.5,0.5,positive,,0.0,0.0312,1,
ARG-L-0000426,ARGI-b990bd111e,ARREF-e372ac9b3c,(argument),,2024:93,2025-08-21T18:40:13Z,,,Other,TOP-NA,con,,,,FREF-d5ef31a5eb,25,0.5,0.5,0.5,positive,,0.0,0.0312,1,
ARG-L-0000427,ARGI-b990bd111e,ARREF-e372ac9b3c,(argument),,2024:93,2025-08-21T18:40:13Z,,,Other,TOP-NA,con,,,,FREF-d5ef31a5eb,25,0.5,0.5,0.5,positive,,0.0,0.0312,1,
ARG-L-0000428,ARGI-b990bd111e,ARREF-e372ac9b3c,(argument),,2024:93,2025-08-21T18:40:13Z,,,Other,TOP-NA,con,,,,FREF-d5ef31a5eb,25,0.5,0.5,0.5,positive,,0.0,0.0312,1,
ARG-L-0000429,ARGI-b990bd111e,ARREF-e372ac9b3c,(argument),,2024:93,2025-08-21T18:40:13Z,,,Other,TOP-NA,con,,,,FREF-d5ef31a5eb,25,0.5,0.5,0.5,positive,,0.0,0.0312,1,
ARG-L-0000430,ARGI-b990bd111e,ARREF-e372ac9b3c,(argument),,2024:93,2025-08-21T18:40:13Z,,,Other,TOP-NA,con,,,,FREF-d5ef31a5eb,25,0.5,0.5,0.5,positive,,0.0,0.0312,1,
ARG-L-0000431,ARGI-b990bd111e,ARREF-e372ac9b3c,(argument),,2024:93,2025-08-21T18:40:13Z,,,Other,TOP-NA,con,,,,FREF-d5ef31a5eb,25,0.5,0.5,0.5,positive,,0.0,0.0312,1,
ARG-L-0000432,ARGI-b990bd111e,ARREF-e372ac9b3c,(argument),,2024:93,2025-08-21T18:40:13Z,,,Other,TOP-NA,con,,,,FREF-d5ef31a5eb,25,0.5,0.5,0.5,positive,,0.0,0.0312,1,
ARG-L-0000433,ARGI-96f31fac30,ARREF-e372ac9b3c,(argument),,2024:95,2025-08-21T18:40:13Z,,,Other,TOP-NA,con,,,,FREF-d5ef31a5eb,25,0.5,0.5,0.5,positive,,0.0,0.0312,1,
ARG-L-0000434,ARGI-96f31fac30,ARREF-e372ac9b3c,(argument),,2024:95,2025-08-21T18:40:13Z,,,Other,TOP-NA,con,,,,FREF-d5ef31a5eb,25,0.5,0.5,0.5,positive,,0.0,0.0312,1,
ARG-L-0000435,ARGI-951e45de98,ARREF-e372ac9b3c,(argument),,2024:96,2025-08-21T18:40:13Z,,,Other,TOP-NA,con,,,,FREF-d5ef31a5eb,25,0.5,0.5,0.5,positive,,0.0,0.0312,1,
ARG-L-0000436,ARGI-951e45de98,ARREF-e372ac9b3c,(argument),,2024:96,2025-08-21T18:40:13Z,,,Other,TOP-NA,con,,,,FREF-d5ef31a5eb,25,0.5,0.5,0.5,positive,,0.0,0.0312,1,
ARG-L-0000437,ARGI-951e45de98,ARREF-e372ac9b3c,(argument),,2024:96,2025-08-21T18:40:13Z,,,Other,TOP-NA,con,,,,FREF-d5ef31a5eb,25,0.5,0.5,0.5,positive,,0.0,0.0312,1,
ARG-L-0000438,ARGI-951e45de98,ARREF-e372ac9b3c,(argument),,2024:96,2025-08-21T18:40:13Z,,,Other,TOP-NA,con,,,,FREF-d5ef31a5eb,25,0.5,0.5,0.5,positive,,0.0,0.0312,1,
ARG-L-0000439,ARGI-951e45de98,ARREF-e372ac9b3c,(argument),,2024:96,2025-08-21T18:40:13Z,,,Other,TOP-NA,con,,,,FREF-d5ef31a5eb,25,0.5,0.5,0.5,positive,,0.0,0.0312,1,
ARG-L-0000440,ARGI-951e45de98,ARREF-e372ac9b3c,(argument),,2024:96,2025-08-21T18:40:13Z,,,Other,TOP-NA,con,,,,FREF-d5ef31a5eb,25,0.5,0.5,0.5,positive,,0.0,0.0312,1,
ARG-L-0000441,ARGI-951e45de98,ARREF-e372ac9b3c,(argument),,2024:96,2025-08-21T18:40:13Z,,,Other,TOP-NA,con,,,,FREF-d5ef31a5eb,25,0.5,0.5,0.5,positive,,0.0,0.0312,1,
ARG-L-0000442,ARGI-951e45de98,ARREF-e372ac9b3c,(argument),,2024:96,2025-08-21T18:40:13Z,,,Other,TOP-NA,con,,,,FREF-d5ef31a5eb,25,0.5,0.5,0.5,positive,,0.0,0.0312,1,
ARG-L-0000443,ARGI-951e45de98,ARREF-e372ac9b3c,(argument),,2024:96,2025-08-21T18:40:13Z,,,Other,TOP-NA,con,,,,FREF-d5ef31a5eb,25,0.5,0.5,0.5,positive,,0.0,0.0312,1,
ARG-L-0000444,ARGI-66685969db,ARREF-e372ac9b3c,(argument),,2024:97,2025-08-21T18:40:13Z,,,Other,TOP-NA,con,,,,FREF-d5ef31a5eb,25,0.5,0.5,0.5,positive,,0.0,0.0312,1,
ARG-L-0000445,ARGI-66685969db,ARREF-e372ac9b3c,(argument),,2024:97,2025-08-21T18:40:13Z,,,Other,TOP-NA,con,,,,FREF-d5ef31a5eb,25,0.5,0.5,0.5,positive,,0.0,0.0312,1,
ARG-L-0000446,ARGI-66685969db,ARREF-e372ac9b3c,(argument),,2024:97,2025-08-21T18:40:13Z,,,Other,TOP-NA,con,,,,FREF-d5ef31a5eb,25,0.5,0.5,0.5,positive,,0.0,0.0312,1,
ARG-L-0000447,ARGI-66685969db,ARREF-e372ac9b3c,(argument),,2024:97,2025-08-21T18:40:13Z,,,Other,TOP-NA,con,,,,FREF-d5ef31a5eb,25,0.5,0.5,0.5,positive,,0.0,0.0312,1,
ARG-L-0000448,ARGI-66685969db,ARREF-e372ac9b3c,(argument),,2024:97,2025-08-21T18:40:13Z,,,Other,TOP-NA,con,,,,FREF-d5ef31a5eb,25,0.5,0.5,0.5,positive,,0.0,0.0312,1,
ARG-L-0000449,ARGI-66685969db,ARREF-e372ac9b3c,(argument),,2024:97,2025-08-21T18:40:13Z,,,Other,TOP-NA,con,,,,FREF-d5ef31a5eb,25,0.5,0.5,0.5,positive,,0.0,0.0312,1,
ARG-L-0000450,ARGI-66685969db,ARREF-e372ac9b3c,(argument),,2024:97,2025-08-21T18:40:13Z,,,Other,TOP-NA,con,,,,FREF-d5ef31a5eb,25,0.5,0.5,0.5,positive,,0.0,0.0312,1,
ARG-L-0000451,ARGI-66685969db,ARREF-e372ac9b3c,(argument),,2024:97,2025-08-21T18:40:13Z,,,Other,TOP-NA,con,,,,FREF-d5ef31a5eb,25,0.5,0.5,0.5,positive,,0.0,0.0312,1,
ARG-L-0000452,ARGI-b3603ee45c,ARREF-e372ac9b3c,(argument),,2024:99,2025-08-21T18:40:13Z,,,Other,TOP-NA,con,,,,FREF-d5ef31a5eb,25,0.5,0.5,0.5,positive,,0.0,0.0312,1,
ARG-L-0000453,ARGI-b3603ee45c,ARREF-e372ac9b3c,(argument),,2024:99,2025-08-21T18:40:13Z,,,Other,TOP-NA,con,,,,FREF-d5ef31a5eb,25,0.5,0.5,0.5,positive,,0.0,0.0312,1,
ARG-L-0000454,ARGI-b3603ee45c,ARREF-e372ac9b3c,(argument),,2024:99,2025-08-21T18:40:13Z,,,Other,TOP-NA,con,,,,FREF-d5ef31a5eb,25,0.5,0.5,0.5,positive,,0.0,0.0312,1,
ARG-L-0000455,ARGI-b3603ee45c,ARREF-e372ac9b3c,(argument),,2024:99,2025-08-21T18:40:13Z,,,Other,TOP-NA,con,,,,FREF-d5ef31a5eb,25,0.5,0.5,0.5,positive,,0.0,0.0312,1,
ARG-L-0000456,ARGI-b3603ee45c,ARREF-e372ac9b3c,(argument),,2024:99,2025-08-21T18:40:13Z,,,Other,TOP-NA,con,,,,FREF-d5ef31a5eb,25,0.5,0.5,0.5,positive,,0.0,0.0312,1,
ARG-L-0000457,ARGI-b3603ee45c,ARREF-e372ac9b3c,(argument),,2024:99,2025-08-21T18:40:13Z,,,Other,TOP-NA,con,,,,FREF-d5ef31a5eb,25,0.5,0.5,0.5,positive,,0.0,0.0312,1,
ARG-L-0000458,ARGI-b3603ee45c,ARREF-e372ac9b3c,(argument),,2024:99,2025-08-21T18:40:13Z,,,Other,TOP-NA,con,,,,FREF-d5ef31a5eb,25,0.5,0.5,0.5,positive,,0.0,0.0312,1,
ARG-L-0000459,ARGI-b3603ee45c,ARREF-e372ac9b3c,(argument),,2024:99,2025-08-21T18:40:13Z,,,Other,TOP-NA,con,,,,FREF-d5ef31a5eb,25,0.5,0.5,0.5,positive,,0.0,0.0312,1,
ARG-L-0000460,ARGI-b3603ee45c,ARREF-e372ac9b3c,(argument),,2024:99,2025-08-21T18:40:13Z,,,Other,TOP-NA,con,,,,FREF-d5ef31a5eb,25,0.5,0.5,0.5,positive,,0.0,0.0312,1,
ARG-L-0000461,ARGI-b3603ee45c,ARREF-e372ac9b3c,(argument),,2024:99,2025-08-21T18:40:13Z,,,Other,TOP-NA,con,,,,FREF-d5ef31a5eb,25,0.5,0.5,0.5,positive,,0.0,0.0312,1,
ARG-L-0000462,ARGI-b3603ee45c,ARREF-e372ac9b3c,(argument),,2024:99,2025-08-21T18:40:13Z,,,Other,TOP-NA,con,,,,FREF-d5ef31a5eb,25,0.5,0.5,0.5,positive,,0.0,0.0312,1,
ARG-L-0000463,ARGI-faee8a441b,ARREF-e372ac9b3c,(argument),,2024:106,2025-08-21T18:40:13Z,,,Other,TOP-NA,con,,,,FREF-d5ef31a5eb,25,0.5,0.5,0.5,positive,,0.0,0.0312,1,
ARG-L-0000464,ARGI-faee8a441b,ARREF-e372ac9b3c,(argument),,2024:106,2025-08-21T18:40:13Z,,,Other,TOP-NA,con,,,,FREF-d5ef31a5eb,25,0.5,0.5,0.5,positive,,0.0,0.0312,1,
ARG-L-0000465,ARGI-faee8a441b,ARREF-e372ac9b3c,(argument),,2024:106,2025-08-21T18:40:13Z,,,Other,TOP-NA,con,,,,FREF-d5ef31a5eb,25,0.5,0.5,0.5,positive,,0.0,0.0312,1,
ARG-L-0000466,ARGI-faee8a441b,ARREF-e372ac9b3c,(argument),,2024:106,2025-08-21T18:40:13Z,,,Other,TOP-NA,con,,,,FREF-d5ef31a5eb,25,0.5,0.5,0.5,positive,,0.0,0.0312,1,
ARG-L-0000467,ARGI-faee8a441b,ARREF-e372ac9b3c,(argument),,2024:106,2025-08-21T18:40:13Z,,,Other,TOP-NA,con,,,,FREF-d5ef31a5eb,25,0.5,0.5,0.5,positive,,0.0,0.0312,1,
ARG-L-0000468,ARGI-faee8a441b,ARREF-e372ac9b3c,(argument),,2024:106,2025-08-21T18:40:13Z,,,Other,TOP-NA,con,,,,FREF-d5ef31a5eb,25,0.5,0.5,0.5,positive,,0.0,0.0312,1,
ARG-L-0000469,ARGI-faee8a441b,ARREF-e372ac9b3c,(argument),,2024:106,2025-08-21T18:40:13Z,,,Other,TOP-NA,con,,,,FREF-d5ef31a5eb,25,0.5,0.5,0.5,positive,,0.0,0.0312,1,
ARG-L-0000470,ARGI-3d22268db4,ARREF-e372ac9b3c,(argument),,2024:110,2025-08-21T18:40:13Z,,,Other,TOP-NA,con,,,,FREF-d5ef31a5eb,25,0.5,0.5,0.5,positive,,0.0,0.0312,1,
ARG-L-0000471,ARGI-3d22268db4,ARREF-e372ac9b3c,(argument),,2024:110,2025-08-21T18:40:13Z,,,Other,TOP-NA,con,,,,FREF-d5ef31a5eb,25,0.5,0.5,0.5,positive,,0.0,0.0312,1,
ARG-L-0000472,ARGI-3d22268db4,ARREF-e372ac9b3c,(argument),,2024:110,2025-08-21T18:40:13Z,,,Other,TOP-NA,con,,,,FREF-d5ef31a5eb,25,0.5,0.5,0.5,positive,,0.0,0.0312,1,
ARG-L-0000473,ARGI-3d22268db4,ARREF-e372ac9b3c,(argument),,2024:110,2025-08-21T18:40:13Z,,,Other,TOP-NA,con,,,,FREF-d5ef31a5eb,25,0.5,0.5,0.5,positive,,0.0,0.0312,1,
ARG-L-0000474,ARGI-3d22268db4,ARREF-e372ac9b3c,(argument),,2024:110,2025-08-21T18:40:13Z,,,Other,TOP-NA,con,,,,FREF-d5ef31a5eb,25,0.5,0.5,0.5,positive,,0.0,0.0312,1,
ARG-L-0000475,ARGI-3d22268db4,ARREF-e372ac9b3c,(argument),,2024:110,2025-08-21T18:40:13Z,,,Other,TOP-NA,con,,,,FREF-d5ef31a5eb,25,0.5,0.5,0.5,positive,,0.0,0.0312,1,
ARG-L-0000476,ARGI-3d22268db4,ARREF-e372ac9b3c,(argument),,2024:110,2025-08-21T18:40:13Z,,,Other,TOP-NA,con,,,,FREF-d5ef31a5eb,25,0.5,0.5,0.5,positive,,0.0,0.0312,1,
ARG-L-0000477,ARGI-3d22268db4,ARREF-e372ac9b3c,(argument),,2024:110,2025-08-21T18:40:13Z,,,Other,TOP-NA,con,,,,FREF-d5ef31a5eb,25,0.5,0.5,0.5,positive,,0.0,0.0312,1,
ARG-L-0000478,ARGI-3d22268db4,ARREF-e372ac9b3c,(argument),,2024:110,2025-08-21T18:40:13Z,,,Other,TOP-NA,con,,,,FREF-d5ef31a5eb,25,0.5,0.5,0.5,positive,,0.0,0.0312,1,
ARG-L-0000479,ARGI-3d22268db4,ARREF-e372ac9b3c,(argument),,2024:110,2025-08-21T18:40:13Z,,,Other,TOP-NA,con,,,,FREF-d5ef31a5eb,25,0.5,0.5,0.5,positive,,0.0,0.0312,1,
ARG-L-0000480,ARGI-3d22268db4,ARREF-e372ac9b3c,(argument),,2024:110,2025-08-21T18:40:13Z,,,Other,TOP-NA,con,,,,FREF-d5ef31a5eb,25,0.5,0.5,0.5,positive,,0.0,0.0312,1,
ARG-L-0000481,ARGI-3d22268db4,ARREF-e372ac9b3c,(argument),,2024:110,2025-08-21T18:40:13Z,,,Other,TOP-NA,con,,,,FREF-d5ef31a5eb,25,0.5,0.5,0.5,positive,,0.0,0.0312,1,
ARG-L-0000482,ARGI-3d22268db4,ARREF-e372ac9b3c,(argument),,2024:110,2025-08-21T18:40:13Z,,,Other,TOP-NA,con,,,,FREF-d5ef31a5eb,25,0.5,0.5,0.5,positive,,0.0,0.0312,1,
ARG-L-0000483,ARGI-3d22268db4,ARREF-e372ac9b3c,(argument),,2024:110,2025-08-21T18:40:13Z,,,Other,TOP-NA,con,,,,FREF-d5ef31a5eb,25,0.5,0.5,0.5,positive,,0.0,0.0312,1,
ARG-L-0000484,ARGI-19596d80c5,ARREF-e372ac9b3c,(argument),,2024:111,2025-08-21T18:40:13Z,,,Other,TOP-NA,con,,,,FREF-d5ef31a5eb,25,0.5,0.5,0.5,positive,,0.0,0.0312,1,
ARG-L-0000485,ARGI-19596d80c5,ARREF-e372ac9b3c,(argument),,2024:111,2025-08-21T18:40:13Z,,,Other,TOP-NA,con,,,,FREF-d5ef31a5eb,25,0.5,0.5,0.5,positive,,0.0,0.0312,1,
ARG-L-0000486,ARGI-19596d80c5,ARREF-e372ac9b3c,(argument),,2024:111,2025-08-21T18:40:13Z,,,Other,TOP-NA,con,,,,FREF-d5ef31a5eb,25,0.5,0.5,0.5,positive,,0.0,0.0312,1,
ARG-L-0000487,ARGI-19596d80c5,ARREF-e372ac9b3c,(argument),,2024:111,2025-08-21T18:40:13Z,,,Other,TOP-NA,con,,,,FREF-d5ef31a5eb,25,0.5,0.5,0.5,positive,,0.0,0.0312,1,
ARG-L-0000488,ARGI-19596d80c5,ARREF-e372ac9b3c,(argument),,2024:111,2025-08-21T18:40:13Z,,,Other,TOP-NA,con,,,,FREF-d5ef31a5eb,25,0.5,0.5,0.5,positive,,0.0,0.0312,1,
ARG-L-0000489,ARGI-19596d80c5,ARREF-e372ac9b3c,(argument),,2024:111,2025-08-21T18:40:13Z,,,Other,TOP-NA,con,,,,FREF-d5ef31a5eb,25,0.5,0.5,0.5,positive,,0.0,0.0312,1,
ARG-L-0000490,ARGI-19596d80c5,ARREF-e372ac9b3c,(argument),,2024:111,2025-08-21T18:40:13Z,,,Other,TOP-NA,con,,,,FREF-d5ef31a5eb,25,0.5,0.5,0.5,positive,,0.0,0.0312,1,
ARG-L-0000491,ARGI-19596d80c5,ARREF-e372ac9b3c,(argument),,2024:111,2025-08-21T18:40:13Z,,,Other,TOP-NA,con,,,,FREF-d5ef31a5eb,25,0.5,0.5,0.5,positive,,0.0,0.0312,1,
ARG-L-0000492,ARGI-19596d80c5,ARREF-e372ac9b3c,(argument),,2024:111,2025-08-21T18:40:13Z,,,Other,TOP-NA,con,,,,FREF-d5ef31a5eb,25,0.5,0.5,0.5,positive,,0.0,0.0312,1,
ARG-L-0000493,ARGI-19596d80c5,ARREF-e372ac9b3c,(argument),,2024:111,2025-08-21T18:40:13Z,,,Other,TOP-NA,con,,,,FREF-d5ef31a5eb,25,0.5,0.5,0.5,positive,,0.0,0.0312,1,
ARG-L-0000494,ARGI-c31de67779,ARREF-e372ac9b3c,(argument),,2024:112,2025-08-21T18:40:13Z,,,Other,TOP-NA,con,,,,FREF-d5ef31a5eb,25,0.5,0.5,0.5,positive,,0.0,0.0312,1,
ARG-L-0000495,ARGI-404efe349f,ARREF-e372ac9b3c,(argument),,2024:114,2025-08-21T18:40:13Z,,,Other,TOP-NA,con,,,,FREF-d5ef31a5eb,25,0.5,0.5,0.5,positive,,0.0,0.0312,1,
ARG-L-0000496,ARGI-404efe349f,ARREF-e372ac9b3c,(argument),,2024:114,2025-08-21T18:40:13Z,,,Other,TOP-NA,con,,,,FREF-d5ef31a5eb,25,0.5,0.5,0.5,positive,,0.0,0.0312,1,
ARG-L-0000497,ARGI-404efe349f,ARREF-e372ac9b3c,(argument),,2024:114,2025-08-21T18:40:13Z,,,Other,TOP-NA,con,,,,FREF-d5ef31a5eb,25,0.5,0.5,0.5,positive,,0.0,0.0312,1,
ARG-L-0000498,ARGI-404efe349f,ARREF-e372ac9b3c,(argument),,2024:114,2025-08-21T18:40:13Z,,,Other,TOP-NA,con,,,,FREF-d5ef31a5eb,25,0.5,0.5,0.5,positive,,0.0,0.0312,1,
ARG-L-0000499,ARGI-404efe349f,ARREF-e372ac9b3c,(argument),,2024:114,2025-08-21T18:40:13Z,,,Other,TOP-NA,con,,,,FREF-d5ef31a5eb,25,0.5,0.5,0.5,positive,,0.0,0.0312,1,
ARG-L-0000500,ARGI-404efe349f,ARREF-e372ac9b3c,(argument),,2024:114,2025-08-21T18:40:13Z,,,Other,TOP-NA,con,,,,FREF-d5ef31a5eb,25,0.5,0.5,0.5,positive,,0.0,0.0312,1,
ARG-L-0000501,ARGI-404efe349f,ARREF-e372ac9b3c,(argument),,2024:114,2025-08-21T18:40:13Z,,,Other,TOP-NA,con,,,,FREF-d5ef31a5eb,25,0.5,0.5,0.5,positive,,0.0,0.0312,1,
ARG-L-0000502,ARGI-404efe349f,ARREF-e372ac9b3c,(argument),,2024:114,2025-08-21T18:40:13Z,,,Other,TOP-NA,con,,,,FREF-d5ef31a5eb,25,0.5,0.5,0.5,positive,,0.0,0.0312,1,
ARG-L-0000503,ARGI-404efe349f,ARREF-e372ac9b3c,(argument),,2024:114,2025-08-21T18:40:13Z,,,Other,TOP-NA,con,,,,FREF-d5ef31a5eb,25,0.5,0.5,0.5,positive,,0.0,0.0312,1,
ARG-L-0000504,ARGI-404efe349f,ARREF-e372ac9b3c,(argument),,2024:114,2025-08-21T18:40:13Z,,,Other,TOP-NA,con,,,,FREF-d5ef31a5eb,25,0.5,0.5,0.5,positive,,0.0,0.0312,1,
ARG-L-0000505,ARGI-404efe349f,ARREF-e372ac9b3c,(argument),,2024:114,2025-08-21T18:40:13Z,,,Other,TOP-NA,con,,,,FREF-d5ef31a5eb,25,0.5,0.5,0.5,positive,,0.0,0.0312,1,
ARG-L-0000506,ARGI-e59c03736f,ARREF-e372ac9b3c,(argument),,2024:116,2025-08-21T18:40:13Z,,,Other,TOP-NA,con,,,,FREF-d5ef31a5eb,25,0.5,0.5,0.5,positive,,0.0,0.0312,1,
ARG-L-0000507,ARGI-e59c03736f,ARREF-e372ac9b3c,(argument),,2024:116,2025-08-21T18:40:13Z,,,Other,TOP-NA,con,,,,FREF-d5ef31a5eb,25,0.5,0.5,0.5,positive,,0.0,0.0312,1,
ARG-L-0000508,ARGI-e59c03736f,ARREF-e372ac9b3c,(argument),,2024:116,2025-08-21T18:40:13Z,,,Other,TOP-NA,con,,,,FREF-d5ef31a5eb,25,0.5,0.5,0.5,positive,,0.0,0.0312,1,
ARG-L-0000509,ARGI-e59c03736f,ARREF-e372ac9b3c,(argument),,2024:116,2025-08-21T18:40:13Z,,,Other,TOP-NA,con,,,,FREF-d5ef31a5eb,25,0.5,0.5,0.5,positive,,0.0,0.0312,1,
ARG-L-0000510,ARGI-e59c03736f,ARREF-e372ac9b3c,(argument),,2024:116,2025-08-21T18:40:13Z,,,Other,TOP-NA,con,,,,FREF-d5ef31a5eb,25,0.5,0.5,0.5,positive,,0.0,0.0312,1,
ARG-L-0000511,ARGI-e59c03736f,ARREF-e372ac9b3c,(argument),,2024:116,2025-08-21T18:40:13Z,,,Other,TOP-NA,con,,,,FREF-d5ef31a5eb,25,0.5,0.5,0.5,positive,,0.0,0.0312,1,
ARG-L-0000512,ARGI-e59c03736f,ARREF-e372ac9b3c,(argument),,2024:116,2025-08-21T18:40:13Z,,,Other,TOP-NA,con,,,,FREF-d5ef31a5eb,25,0.5,0.5,0.5,positive,,0.0,0.0312,1,
ARG-L-0000513,ARGI-1c1880b2c7,ARREF-e372ac9b3c,(argument),,2024:119,2025-08-21T18:40:13Z,,,Other,TOP-NA,con,,,,FREF-d5ef31a5eb,25,0.5,0.5,0.5,positive,,0.0,0.0312,1,
ARG-L-0000514,ARGI-1c1880b2c7,ARREF-e372ac9b3c,(argument),,2024:119,2025-08-21T18:40:13Z,,,Other,TOP-NA,con,,,,FREF-d5ef31a5eb,25,0.5,0.5,0.5,positive,,0.0,0.0312,1,
ARG-L-0000515,ARGI-1c1880b2c7,ARREF-e372ac9b3c,(argument),,2024:119,2025-08-21T18:40:13Z,,,Other,TOP-NA,con,,,,FREF-d5ef31a5eb,25,0.5,0.5,0.5,positive,,0.0,0.0312,1,
ARG-L-0000516,ARGI-1c1880b2c7,ARREF-e372ac9b3c,(argument),,2024:119,2025-08-21T18:40:13Z,,,Other,TOP-NA,con,,,,FREF-d5ef31a5eb,25,0.5,0.5,0.5,positive,,0.0,0.0312,1,
ARG-L-0000517,ARGI-1c1880b2c7,ARREF-e372ac9b3c,(argument),,2024:119,2025-08-21T18:40:13Z,,,Other,TOP-NA,con,,,,FREF-d5ef31a5eb,25,0.5,0.5,0.5,positive,,0.0,0.0312,1,
ARG-L-0000518,ARGI-1c1880b2c7,ARREF-e372ac9b3c,(argument),,2024:119,2025-08-21T18:40:13Z,,,Other,TOP-NA,con,,,,FREF-d5ef31a5eb,25,0.5,0.5,0.5,positive,,0.0,0.0312,1,
ARG-L-0000519,ARGI-1c1880b2c7,ARREF-e372ac9b3c,(argument),,2024:119,2025-08-21T18:40:13Z,,,Other,TOP-NA,con,,,,FREF-d5ef31a5eb,25,0.5,0.5,0.5,positive,,0.0,0.0312,1,
ARG-L-0000520,ARGI-1c1880b2c7,ARREF-e372ac9b3c,(argument),,2024:119,2025-08-21T18:40:13Z,,,Other,TOP-NA,con,,,,FREF-d5ef31a5eb,25,0.5,0.5,0.5,positive,,0.0,0.0312,1,
ARG-L-0000521,ARGI-1c1880b2c7,ARREF-e372ac9b3c,(argument),,2024:119,2025-08-21T18:40:13Z,,,Other,TOP-NA,con,,,,FREF-d5ef31a5eb,25,0.5,0.5,0.5,positive,,0.0,0.0312,1,
ARG-L-0000522,ARGI-1c1880b2c7,ARREF-e372ac9b3c,(argument),,2024:119,2025-08-21T18:40:13Z,,,Other,TOP-NA,con,,,,FREF-d5ef31a5eb,25,0.5,0.5,0.5,positive,,0.0,0.0312,1,
ARG-L-0000523,ARGI-1c1880b2c7,ARREF-e372ac9b3c,(argument),,2024:119,2025-08-21T18:40:13Z,,,Other,TOP-NA,con,,,,FREF-d5ef31a5eb,25,0.5,0.5,0.5,positive,,0.0,0.0312,1,
ARG-L-0000524,ARGI-1c1880b2c7,ARREF-e372ac9b3c,(argument),,2024:119,2025-08-21T18:40:13Z,,,Other,TOP-NA,con,,,,FREF-d5ef31a5eb,25,0.5,0.5,0.5,positive,,0.0,0.0312,1,
ARG-L-0000525,ARGI-860a3e859e,ARREF-e372ac9b3c,(argument),,2024:120,2025-08-21T18:40:13Z,,,Other,TOP-NA,con,,,,FREF-d5ef31a5eb,25,0.5,0.5,0.5,positive,,0.0,0.0312,1,
ARG-L-0000526,ARGI-860a3e859e,ARREF-e372ac9b3c,(argument),,2024:120,2025-08-21T18:40:13Z,,,Other,TOP-NA,con,,,,FREF-d5ef31a5eb,25,0.5,0.5,0.5,positive,,0.0,0.0312,1,
ARG-L-0000527,ARGI-860a3e859e,ARREF-e372ac9b3c,(argument),,2024:120,2025-08-21T18:40:13Z,,,Other,TOP-NA,con,,,,FREF-d5ef31a5eb,25,0.5,0.5,0.5,positive,,0.0,0.0312,1,
ARG-L-0000528,ARGI-860a3e859e,ARREF-e372ac9b3c,(argument),,2024:120,2025-08-21T18:40:13Z,,,Other,TOP-NA,con,,,,FREF-d5ef31a5eb,25,0.5,0.5,0.5,positive,,0.0,0.0312,1,
ARG-L-0000529,ARGI-860a3e859e,ARREF-e372ac9b3c,(argument),,2024:120,2025-08-21T18:40:13Z,,,Other,TOP-NA,con,,,,FREF-d5ef31a5eb,25,0.5,0.5,0.5,positive,,0.0,0.0312,1,
ARG-L-0000530,ARGI-1b616d0082,ARREF-e372ac9b3c,(argument),,2024:121,2025-08-21T18:40:13Z,,,Other,TOP-NA,con,,,,FREF-d5ef31a5eb,25,0.5,0.5,0.5,positive,,0.0,0.0312,1,
ARG-L-0000531,ARGI-1b616d0082,ARREF-e372ac9b3c,(argument),,2024:121,2025-08-21T18:40:13Z,,,Other,TOP-NA,con,,,,FREF-d5ef31a5eb,25,0.5,0.5,0.5,positive,,0.0,0.0312,1,
ARG-L-0000532,ARGI-1b616d0082,ARREF-e372ac9b3c,(argument),,2024:121,2025-08-21T18:40:13Z,,,Other,TOP-NA,con,,,,FREF-d5ef31a5eb,25,0.5,0.5,0.5,positive,,0.0,0.0312,1,
ARG-L-0000533,ARGI-c621990b19,ARREF-e372ac9b3c,(argument),,2024:122,2025-08-21T18:40:13Z,,,Other,TOP-NA,con,,,,FREF-d5ef31a5eb,25,0.5,0.5,0.5,positive,,0.0,0.0312,1,
ARG-L-0000534,ARGI-c621990b19,ARREF-e372ac9b3c,(argument),,2024:122,2025-08-21T18:40:13Z,,,Other,TOP-NA,con,,,,FREF-d5ef31a5eb,25,0.5,0.5,0.5,positive,,0.0,0.0312,1,
ARG-L-0000535,ARGI-c621990b19,ARREF-e372ac9b3c,(argument),,2024:122,2025-08-21T18:40:13Z,,,Other,TOP-NA,con,,,,FREF-d5ef31a5eb,25,0.5,0.5,0.5,positive,,0.0,0.0312,1,
ARG-L-0000536,ARGI-c621990b19,ARREF-e372ac9b3c,(argument),,2024:122,2025-08-21T18:40:13Z,,,Other,TOP-NA,con,,,,FREF-d5ef31a5eb,25,0.5,0.5,0.5,positive,,0.0,0.0312,1,
ARG-L-0000537,ARGI-c621990b19,ARREF-e372ac9b3c,(argument),,2024:122,2025-08-21T18:40:13Z,,,Other,TOP-NA,con,,,,FREF-d5ef31a5eb,25,0.5,0.5,0.5,positive,,0.0,0.0312,1,
ARG-L-0000538,ARGI-c621990b19,ARREF-e372ac9b3c,(argument),,2024:122,2025-08-21T18:40:13Z,,,Other,TOP-NA,con,,,,FREF-d5ef31a5eb,25,0.5,0.5,0.5,positive,,0.0,0.0312,1,
ARG-L-0000539,ARGI-e239ecb3a9,ARREF-e372ac9b3c,(argument),,2024:123,2025-08-21T18:40:13Z,,,Other,TOP-NA,con,,,,FREF-d5ef31a5eb,25,0.5,0.5,0.5,positive,,0.0,0.0312,1,
ARG-L-0000540,ARGI-e239ecb3a9,ARREF-e372ac9b3c,(argument),,2024:123,2025-08-21T18:40:13Z,,,Other,TOP-NA,con,,,,FREF-d5ef31a5eb,25,0.5,0.5,0.5,positive,,0.0,0.0312,1,
ARG-L-0000541,ARGI-e239ecb3a9,ARREF-e372ac9b3c,(argument),,2024:123,2025-08-21T18:40:13Z,,,Other,TOP-NA,con,,,,FREF-d5ef31a5eb,25,0.5,0.5,0.5,positive,,0.0,0.0312,1,
ARG-L-0000542,ARGI-e239ecb3a9,ARREF-e372ac9b3c,(argument),,2024:123,2025-08-21T18:40:13Z,,,Other,TOP-NA,con,,,,FREF-d5ef31a5eb,25,0.5,0.5,0.5,positive,,0.0,0.0312,1,
ARG-L-0000543,ARGI-e239ecb3a9,ARREF-e372ac9b3c,(argument),,2024:123,2025-08-21T18:40:13Z,,,Other,TOP-NA,con,,,,FREF-d5ef31a5eb,25,0.5,0.5,0.5,positive,,0.0,0.0312,1,
ARG-L-0000544,ARGI-e239ecb3a9,ARREF-e372ac9b3c,(argument),,2024:123,2025-08-21T18:40:13Z,,,Other,TOP-NA,con,,,,FREF-d5ef31a5eb,25,0.5,0.5,0.5,positive,,0.0,0.0312,1,
ARG-L-0000545,ARGI-e239ecb3a9,ARREF-e372ac9b3c,(argument),,2024:123,2025-08-21T18:40:13Z,,,Other,TOP-NA,con,,,,FREF-d5ef31a5eb,25,0.5,0.5,0.5,positive,,0.0,0.0312,1,
ARG-L-0000546,ARGI-e239ecb3a9,ARREF-e372ac9b3c,(argument),,2024:123,2025-08-21T18:40:13Z,,,Other,TOP-NA,con,,,,FREF-d5ef31a5eb,25,0.5,0.5,0.5,positive,,0.0,0.0312,1,
ARG-L-0000547,ARGI-ddbea48aa7,ARREF-e372ac9b3c,(argument),,2024:125,2025-08-21T18:40:13Z,,,Other,TOP-NA,con,,,,FREF-d5ef31a5eb,25,0.5,0.5,0.5,positive,,0.0,0.0312,1,
ARG-L-0000548,ARGI-ddbea48aa7,ARREF-e372ac9b3c,(argument),,2024:125,2025-08-21T18:40:13Z,,,Other,TOP-NA,con,,,,FREF-d5ef31a5eb,25,0.5,0.5,0.5,positive,,0.0,0.0312,1,
ARG-L-0000549,ARGI-ddbea48aa7,ARREF-e372ac9b3c,(argument),,2024:125,2025-08-21T18:40:13Z,,,Other,TOP-NA,con,,,,FREF-d5ef31a5eb,25,0.5,0.5,0.5,positive,,0.0,0.0312,1,
ARG-L-0000550,ARGI-ddbea48aa7,ARREF-e372ac9b3c,(argument),,2024:125,2025-08-21T18:40:13Z,,,Other,TOP-NA,con,,,,FREF-d5ef31a5eb,25,0.5,0.5,0.5,positive,,0.0,0.0312,1,
ARG-L-0000551,ARGI-1b94e36295,ARREF-e372ac9b3c,(argument),,2024:126,2025-08-21T18:40:13Z,,,Other,TOP-NA,con,,,,FREF-d5ef31a5eb,25,0.5,0.5,0.5,positive,,0.0,0.0312,1,
ARG-L-0000552,ARGI-1b94e36295,ARREF-e372ac9b3c,(argument),,2024:126,2025-08-21T18:40:13Z,,,Other,TOP-NA,con,,,,FREF-d5ef31a5eb,25,0.5,0.5,0.5,positive,,0.0,0.0312,1,
ARG-L-0000553,ARGI-1b94e36295,ARREF-e372ac9b3c,(argument),,2024:126,2025-08-21T18:40:13Z,,,Other,TOP-NA,con,,,,FREF-d5ef31a5eb,25,0.5,0.5,0.5,positive,,0.0,0.0312,1,
ARG-L-0000554,ARGI-1b94e36295,ARREF-e372ac9b3c,(argument),,2024:126,2025-08-21T18:40:13Z,,,Other,TOP-NA,con,,,,FREF-d5ef31a5eb,25,0.5,0.5,0.5,positive,,0.0,0.0312,1,
ARG-L-0000555,ARGI-bcbb4559fd,ARREF-e372ac9b3c,(argument),,2024:127,2025-08-21T18:40:13Z,,,Other,TOP-NA,con,,,,FREF-d5ef31a5eb,25,0.5,0.5,0.5,positive,,0.0,0.0312,1,
ARG-L-0000556,ARGI-bcbb4559fd,ARREF-e372ac9b3c,(argument),,2024:127,2025-08-21T18:40:13Z,,,Other,TOP-NA,con,,,,FREF-d5ef31a5eb,25,0.5,0.5,0.5,positive,,0.0,0.0312,1,
ARG-L-0000557,ARGI-bcbb4559fd,ARREF-e372ac9b3c,(argument),,2024:127,2025-08-21T18:40:13Z,,,Other,TOP-NA,con,,,,FREF-d5ef31a5eb,25,0.5,0.5,0.5,positive,,0.0,0.0312,1,
ARG-L-0000558,ARGI-88373830fe,ARREF-e372ac9b3c,(argument),,2024:128,2025-08-21T18:40:13Z,,,Other,TOP-NA,con,,,,FREF-d5ef31a5eb,25,0.5,0.5,0.5,positive,,0.0,0.0312,1,
ARG-L-0000559,ARGI-88373830fe,ARREF-e372ac9b3c,(argument),,2024:128,2025-08-21T18:40:13Z,,,Other,TOP-NA,con,,,,FREF-d5ef31a5eb,25,0.5,0.5,0.5,positive,,0.0,0.0312,1,
ARG-L-0000560,ARGI-88373830fe,ARREF-e372ac9b3c,(argument),,2024:128,2025-08-21T18:40:13Z,,,Other,TOP-NA,con,,,,FREF-d5ef31a5eb,25,0.5,0.5,0.5,positive,,0.0,0.0312,1,
ARG-L-0000561,ARGI-88373830fe,ARREF-e372ac9b3c,(argument),,2024:128,2025-08-21T18:40:13Z,,,Other,TOP-NA,con,,,,FREF-d5ef31a5eb,25,0.5,0.5,0.5,positive,,0.0,0.0312,1,
ARG-L-0000562,ARGI-88373830fe,ARREF-e372ac9b3c,(argument),,2024:128,2025-08-21T18:40:13Z,,,Other,TOP-NA,con,,,,FREF-d5ef31a5eb,25,0.5,0.5,0.5,positive,,0.0,0.0312,1,
ARG-L-0000563,ARGI-88373830fe,ARREF-e372ac9b3c,(argument),,2024:128,2025-08-21T18:40:13Z,,,Other,TOP-NA,con,,,,FREF-d5ef31a5eb,25,0.5,0.5,0.5,positive,,0.0,0.0312,1,
ARG-L-0000564,ARGI-88373830fe,ARREF-e372ac9b3c,(argument),,2024:128,2025-08-21T18:40:13Z,,,Other,TOP-NA,con,,,,FREF-d5ef31a5eb,25,0.5,0.5,0.5,positive,,0.0,0.0312,1,
ARG-L-0000565,ARGI-88373830fe,ARREF-e372ac9b3c,(argument),,2024:128,2025-08-21T18:40:13Z,,,Other,TOP-NA,con,,,,FREF-d5ef31a5eb,25,0.5,0.5,0.5,positive,,0.0,0.0312,1,
ARG-L-0000566,ARGI-88373830fe,ARREF-e372ac9b3c,(argument),,2024:128,2025-08-21T18:40:13Z,,,Other,TOP-NA,con,,,,FREF-d5ef31a5eb,25,0.5,0.5,0.5,positive,,0.0,0.0312,1,
ARG-L-0000567,ARGI-88373830fe,ARREF-e372ac9b3c,(argument),,2024:128,2025-08-21T18:40:13Z,,,Other,TOP-NA,con,,,,FREF-d5ef31a5eb,25,0.5,0.5,0.5,positive,,0.0,0.0312,1,
ARG-L-0000568,ARGI-be31af0644,ARREF-e372ac9b3c,(argument),,2024:129,2025-08-21T18:40:13Z,,,Other,TOP-NA,con,,,,FREF-d5ef31a5eb,25,0.5,0.5,0.5,positive,,0.0,0.0312,1,
ARG-L-0000569,ARGI-be31af0644,ARREF-e372ac9b3c,(argument),,2024:129,2025-08-21T18:40:13Z,,,Other,TOP-NA,con,,,,FREF-d5ef31a5eb,25,0.5,0.5,0.5,positive,,0.0,0.0312,1,
ARG-L-0000570,ARGI-be31af0644,ARREF-e372ac9b3c,(argument),,2024:129,2025-08-21T18:40:13Z,,,Other,TOP-NA,con,,,,FREF-d5ef31a5eb,25,0.5,0.5,0.5,positive,,0.0,0.0312,1,
ARG-L-0000571,ARGI-be31af0644,ARREF-e372ac9b3c,(argument),,2024:129,2025-08-21T18:40:13Z,,,Other,TOP-NA,con,,,,FREF-d5ef31a5eb,25,0.5,0.5,0.5,positive,,0.0,0.0312,1,
ARG-L-0000572,ARGI-be31af0644,ARREF-e372ac9b3c,(argument),,2024:129,2025-08-21T18:40:13Z,,,Other,TOP-NA,con,,,,FREF-d5ef31a5eb,25,0.5,0.5,0.5,positive,,0.0,0.0312,1,
ARG-L-0000573,ARGI-be31af0644,ARREF-e372ac9b3c,(argument),,2024:129,2025-08-21T18:40:13Z,,,Other,TOP-NA,con,,,,FREF-d5ef31a5eb,25,0.5,0.5,0.5,positive,,0.0,0.0312,1,
ARG-L-0000574,ARGI-be31af0644,ARREF-e372ac9b3c,(argument),,2024:129,2025-08-21T18:40:13Z,,,Other,TOP-NA,con,,,,FREF-d5ef31a5eb,25,0.5,0.5,0.5,positive,,0.0,0.0312,1,
ARG-L-0000575,ARGI-be31af0644,ARREF-e372ac9b3c,(argument),,2024:129,2025-08-21T18:40:13Z,,,Other,TOP-NA,con,,,,FREF-d5ef31a5eb,25,0.5,0.5,0.5,positive,,0.0,0.0312,1,
ARG-L-0000576,ARGI-1077c0e785,ARREF-e372ac9b3c,(argument),,2024:131,2025-08-21T18:40:13Z,,,Other,TOP-NA,con,,,,FREF-d5ef31a5eb,25,0.5,0.5,0.5,positive,,0.0,0.0312,1,
ARG-L-0000577,ARGI-1077c0e785,ARREF-e372ac9b3c,(argument),,2024:131,2025-08-21T18:40:13Z,,,Other,TOP-NA,con,,,,FREF-d5ef31a5eb,25,0.5,0.5,0.5,positive,,0.0,0.0312,1,
ARG-L-0000578,ARGI-1077c0e785,ARREF-e372ac9b3c,(argument),,2024:131,2025-08-21T18:40:13Z,,,Other,TOP-NA,con,,,,FREF-d5ef31a5eb,25,0.5,0.5,0.5,positive,,0.0,0.0312,1,
ARG-L-0000579,ARGI-1077c0e785,ARREF-e372ac9b3c,(argument),,2024:131,2025-08-21T18:40:13Z,,,Other,TOP-NA,con,,,,FREF-d5ef31a5eb,25,0.5,0.5,0.5,positive,,0.0,0.0312,1,
ARG-L-0000580,ARGI-1077c0e785,ARREF-e372ac9b3c,(argument),,2024:131,2025-08-21T18:40:13Z,,,Other,TOP-NA,con,,,,FREF-d5ef31a5eb,25,0.5,0.5,0.5,positive,,0.0,0.0312,1,
ARG-L-0000581,ARGI-1077c0e785,ARREF-e372ac9b3c,(argument),,2024:131,2025-08-21T18:40:13Z,,,Other,TOP-NA,con,,,,FREF-d5ef31a5eb,25,0.5,0.5,0.5,positive,,0.0,0.0312,1,
ARG-L-0000582,ARGI-1077c0e785,ARREF-e372ac9b3c,(argument),,2024:131,2025-08-21T18:40:13Z,,,Other,TOP-NA,con,,,,FREF-d5ef31a5eb,25,0.5,0.5,0.5,positive,,0.0,0.0312,1,
ARG-L-0000583,ARGI-1077c0e785,ARREF-e372ac9b3c,(argument),,2024:131,2025-08-21T18:40:13Z,,,Other,TOP-NA,con,,,,FREF-d5ef31a5eb,25,0.5,0.5,0.5,positive,,0.0,0.0312,1,
ARG-L-0000584,ARGI-31ae112911,ARREF-e372ac9b3c,(argument),,2024:132,2025-08-21T18:40:13Z,,,Other,TOP-NA,con,,,,FREF-d5ef31a5eb,25,0.5,0.5,0.5,positive,,0.0,0.0312,1,
ARG-L-0000585,ARGI-31ae112911,ARREF-e372ac9b3c,(argument),,2024:132,2025-08-21T18:40:13Z,,,Other,TOP-NA,con,,,,FREF-d5ef31a5eb,25,0.5,0.5,0.5,positive,,0.0,0.0312,1,
ARG-L-0000586,ARGI-31ae112911,ARREF-e372ac9b3c,(argument),,2024:132,2025-08-21T18:40:13Z,,,Other,TOP-NA,con,,,,FREF-d5ef31a5eb,25,0.5,0.5,0.5,positive,,0.0,0.0312,1,
ARG-L-0000587,ARGI-31ae112911,ARREF-e372ac9b3c,(argument),,2024:132,2025-08-21T18:40:13Z,,,Other,TOP-NA,con,,,,FREF-d5ef31a5eb,25,0.5,0.5,0.5,positive,,0.0,0.0312,1,
ARG-L-0000588,ARGI-31ae112911,ARREF-e372ac9b3c,(argument),,2024:132,2025-08-21T18:40:13Z,,,Other,TOP-NA,con,,,,FREF-d5ef31a5eb,25,0.5,0.5,0.5,positive,,0.0,0.0312,1,
ARG-L-0000589,ARGI-31ae112911,ARREF-e372ac9b3c,(argument),,2024:132,2025-08-21T18:40:13Z,,,Other,TOP-NA,con,,,,FREF-d5ef31a5eb,25,0.5,0.5,0.5,positive,,0.0,0.0312,1,
ARG-L-0000590,ARGI-2a8589cd6c,ARREF-e372ac9b3c,(argument),,2024:133,2025-08-21T18:40:13Z,,,Other,TOP-NA,con,,,,FREF-d5ef31a5eb,25,0.5,0.5,0.5,positive,,0.0,0.0312,1,
ARG-L-0000591,ARGI-2a8589cd6c,ARREF-e372ac9b3c,(argument),,2024:133,2025-08-21T18:40:13Z,,,Other,TOP-NA,con,,,,FREF-d5ef31a5eb,25,0.5,0.5,0.5,positive,,0.0,0.0312,1,
ARG-L-0000592,ARGI-2a8589cd6c,ARREF-e372ac9b3c,(argument),,2024:133,2025-08-21T18:40:13Z,,,Other,TOP-NA,con,,,,FREF-d5ef31a5eb,25,0.5,0.5,0.5,positive,,0.0,0.0312,1,
ARG-L-0000593,ARGI-2a8589cd6c,ARREF-e372ac9b3c,(argument),,2024:133,2025-08-21T18:40:13Z,,,Other,TOP-NA,con,,,,FREF-d5ef31a5eb,25,0.5,0.5,0.5,positive,,0.0,0.0312,1,
ARG-L-0000594,ARGI-2a8589cd6c,ARREF-e372ac9b3c,(argument),,2024:133,2025-08-21T18:40:13Z,,,Other,TOP-NA,con,,,,FREF-d5ef31a5eb,25,0.5,0.5,0.5,positive,,0.0,0.0312,1,
ARG-L-0000595,ARGI-c4b5d184f3,ARREF-e372ac9b3c,(argument),,2024:134,2025-08-21T18:40:13Z,,,Other,TOP-NA,con,,,,FREF-d5ef31a5eb,25,0.5,0.5,0.5,positive,,0.0,0.0312,1,
ARG-L-0000596,ARGI-c4b5d184f3,ARREF-e372ac9b3c,(argument),,2024:134,2025-08-21T18:40:13Z,,,Other,TOP-NA,con,,,,FREF-d5ef31a5eb,25,0.5,0.5,0.5,positive,,0.0,0.0312,1,
ARG-L-0000597,ARGI-c4b5d184f3,ARREF-e372ac9b3c,(argument),,2024:134,2025-08-21T18:40:13Z,,,Other,TOP-NA,con,,,,FREF-d5ef31a5eb,25,0.5,0.5,0.5,positive,,0.0,0.0312,1,
